relaxation_operator,problem,reference_solver,reference_numerical_method,target_solver,target_numerical_method,gqis_solver,gqis_solver_frequency,gqis_unroll,qutip_drive_mode,julia_time_precision,grid_side_dimension,requested_step_count_divider,actual_step_count_divider,reference_steps_per_period,reference_total_steps,target_steps_per_period,target_total_steps,target_dt,reference_calculation_time_s,target_calculation_time_s,julia_total_time_s,julia_gpu_calculation_time_s,julia_precalculation_time_s,target_speedup_vs_divider_1,target_time_over_reference,mse,rms,normalized_rms,max_abs,p95_abs,p99_abs,rms_vs_target_divider_1,max_abs_vs_target_divider_1,p99_abs_vs_target_divider_1,acceptable,status,fastest_acceptable
basis_1_to_basis_0,two_level,qutip_cpu,adaptive Adams,gqis_rk4,fixed-step classical RK4,rk4,,False,analytic,,64,1.0,1.0,2048,81920,2048,81920,0.0026911944150924683,1054.9324578000233,0.013045787811279297,nan,nan,nan,1.0,1.2366467364636061e-05,9.812997389625885e-12,3.132570412556737e-06,6.304030693868758e-06,3.477271660018433e-05,6.305771489703571e-06,1.2719216371148708e-05,0.0,0.0,0.0,yes,measured,no
basis_1_to_basis_0,two_level,qutip_cpu,adaptive Adams,gqis_rk4,fixed-step classical RK4,rk4,,False,analytic,,64,2.0,2.0,2048,81920,1024,40960,0.0053823888301849365,1054.9324578000233,0.008166074752807617,nan,nan,nan,1.5975591953519606,7.740850793270034e-06,8.750217542412463e-12,2.958076662700354e-06,5.952876909560016e-06,2.013627838820531e-05,5.403621818937665e-06,1.0757107496198209e-05,4.531471025638673e-06,4.44948673248291e-05,1.7586350440979015e-05,yes,measured,no
basis_1_to_basis_0,two_level,qutip_cpu,adaptive Adams,gqis_rk4,fixed-step classical RK4,rk4,,False,analytic,,64,3.0,2.998535871156662,2048,81920,683,27320,0.008069642819464207,1054.9324578000233,0.0060880184173583984,nan,nan,nan,2.1428627374192284,5.771003036587262e-06,1.0214036417401308e-10,1.0106451611421937e-05,2.0338371616203637e-05,9.90230257484348e-05,1.4982351707285013e-05,4.319764728753512e-05,1.0568767739576446e-05,9.91523265838623e-05,4.3234229087829666e-05,yes,measured,no
basis_1_to_basis_0,two_level,qutip_cpu,adaptive Adams,gqis_rk4,fixed-step classical RK4,rk4,,False,analytic,,64,4.0,4.0,2048,81920,512,20480,0.010764777660369873,1054.9324578000233,0.005648374557495117,nan,nan,nan,2.3096534548984846,5.3542523179866395e-06,9.559852234005818e-10,3.091901071186758e-05,6.222187114146467e-05,0.00031610314202040746,4.74419033478328e-05,0.00013789535542619582,3.103819310222337e-05,0.00031623244285583496,0.00013802498579025272,yes,measured,no
basis_1_to_basis_0,two_level,qutip_cpu,adaptive Adams,gqis_rk4,fixed-step classical RK4,rk4,,False,analytic,,64,6.0,6.005865102639296,2048,81920,341,13640,0.016162950545549393,1054.9324578000233,0.0040471553802490234,nan,nan,nan,3.2234462444771723,3.836411848289359e-06,2.7947390037412582e-08,0.00016717472906337423,0.0003364248793994561,0.0016584593470069797,0.00027457707182557134,0.0007839847507339917,0.00016715807197641296,0.0016585886478424072,0.0007844306528568268,yes,measured,yes
basis_1_to_basis_0,two_level,qutip_cpu,adaptive Adams,gqis_rk4,fixed-step classical RK4,rk4,,False,analytic,,64,8.0,8.0,2048,81920,256,10240,0.021529555320739746,1054.9324578000233,0.004986286163330078,nan,nan,nan,2.6163335564693506,4.726640200007284e-06,3.346588667088941e-07,0.000578497075799778,0.001164176009432021,0.0053814250643226536,0.001078620314645215,0.0027510459610979574,0.0005784625564975875,0.005381554365158081,0.0027462869882583724,yes,measured,no
basis_1_to_basis_0,two_level,qutip_cpu,adaptive Adams,gqis_rk4,fixed-step classical RK4,rk4,,False,analytic,,64,10.0,9.990243902439024,2048,81920,205,8200,0.026885688304901123,1054.9324578000233,0.0030591487884521484,nan,nan,nan,4.2645156262177535,2.8998527496554205e-06,2.3448628598570536e-06,0.0015312945046126998,0.003081599545132706,0.013270844858405295,0.0029644224356232818,0.007287275794483885,0.0015312592137136539,0.013270974159240723,0.007283876836299913,no,measured,no
basis_1_to_basis_0,two_level,qutip_cpu,adaptive Adams,gqis_rk4,fixed-step classical RK4,rk4,,False,analytic,,64,12.0,11.976608187134502,2048,81920,171,6840,0.03223137930035591,1054.9324578000233,0.002988100051879883,nan,nan,nan,4.365913987074125,2.8325036638945822e-06,1.1218937693080087e-05,0.0033494682702005234,0.0067405191273098505,0.027023500161789837,0.006793741550635279,0.015557614492031075,0.003349436126045647,0.02702370285987854,0.015558443963527695,no,measured,no
basis_1_to_basis_0,two_level,qutip_cpu,adaptive Adams,gqis_rk4,fixed-step classical RK4,rk4,,False,analytic,,64,14.0,14.027397260273972,2048,81920,146,5840,0.037750452756881714,1054.9324578000233,0.004032135009765625,nan,nan,nan,3.235454115421003,3.822173618749316e-06,4.098379327524112e-05,0.006401858579759562,0.012883194204618819,0.04761595125737089,0.013355394374705322,0.030588207550112923,0.0064018312346272995,0.047616153955459595,0.030585716664791117,no,measured,no
basis_1_to_basis_0,two_level,qutip_cpu,adaptive Adams,gqis_rk4,fixed-step classical RK4,rk4,,False,analytic,,64,16.0,16.0,2048,81920,128,5120,0.04305911064147949,1054.9324578000233,0.0020554065704345703,nan,nan,nan,6.347059505857789,1.948377410550961e-06,0.00010932880291903893,0.010456041455495427,0.021041891351456888,0.0693924188190927,0.023225864508716602,0.05005133589729637,0.010456019910243931,0.0693926215171814,0.05005192905664444,no,measured,no
basis_1_to_basis_0,two_level,qutip_cpu,adaptive Adams,gqis_rk4,fixed-step classical RK4,rk4,,False,analytic,,64,20.0,20.07843137254902,2048,81920,102,4080,0.05403495952486992,1054.9324578000233,0.0030641555786132812,nan,nan,nan,4.257547463429816,2.9045988261687682e-06,0.00043726493939279617,0.02091088088514676,0.04208136372845574,0.12638553544191844,0.05328248800508824,0.09105960421723029,0.020910875778756582,0.12638413906097412,0.0910616874694825,no,measured,no
basis_1_to_basis_0,two_level,qutip_cpu,adaptive Adams,gqis_rk4,fixed-step classical RK4,rk4,,False,analytic,,64,24.0,24.094117647058823,2048,81920,85,3400,0.06484195590019226,1054.9324578000233,0.002950906753540039,nan,nan,nan,4.42094206996849,2.797247095509714e-06,0.0010485194080418242,0.03238084940272296,0.06516369678717004,0.1793520668946742,0.08379312647930888,0.13687222426922255,0.03238086143181791,0.17935119569301605,0.13687150403857243,no,measured,no
basis_1_to_basis_0,two_level,qutip_cpu,adaptive Adams,gqis_rk4,fixed-step classical RK4,rk4,,False,analytic,,64,32.0,32.0,2048,81920,64,2560,0.08611822128295898,1054.9324578000233,0.004016876220703125,nan,nan,nan,3.247744539411206,3.8077093855657804e-06,0.0027933515403007854,0.05285216684584262,0.10636047659076522,0.23515849244661718,0.13511095687600486,0.19495488868298405,0.052852195539786595,0.23515892028808594,0.1949564345180989,no,measured,no
basis_1_to_basis_0,two_level,qutip_cpu,adaptive Adams,gqis_rk4,fixed-step classical RK4,rk4,,False,analytic,,64,48.0,47.627906976744185,2048,81920,43,1720,0.12817595899105072,1054.9324578000233,0.0029931068420410156,nan,nan,nan,4.3586108013382185,2.83724974040793e-06,0.005977962811266963,0.07731728662638752,0.15559444285933266,0.2502332842080025,0.18584947174157285,0.23426637621830257,0.07731731778530615,0.25023435056209564,0.2342666320502759,no,measured,no
basis_1_to_basis_0,two_level,qutip_cpu,adaptive Adams,gqis_rk4,fixed-step classical RK4,rk4,,False,analytic,,64,64.0,64.0,2048,81920,32,1280,0.17223644256591797,1054.9324578000233,0.0029942989349365234,nan,nan,nan,4.3568755474161955,2.838379758625394e-06,nan,nan,nan,nan,nan,nan,nan,nan,nan,no,non-finite,no
basis_1_to_basis_0,two_level,qutip_cpu,adaptive Adams,gqis_dp5,fixed-step Dormand-Prince fifth-order formula,dp5,,False,analytic,,64,1.0,1.0,2048,81920,2048,81920,0.0026911944150924683,1054.9324578000233,0.026070356369018555,nan,nan,nan,1.0,2.4712820405001268e-05,1.4028731159076496e-11,3.7454947816111686e-06,7.53748869374358e-06,3.4593902665858156e-05,7.2697843232589696e-06,1.2580735660894264e-05,0.0,0.0,0.0,yes,measured,no
basis_1_to_basis_0,two_level,qutip_cpu,adaptive Adams,gqis_dp5,fixed-step Dormand-Prince fifth-order formula,dp5,,False,analytic,,64,2.0,2.0,2048,81920,1024,40960,0.0053823888301849365,1054.9324578000233,0.016510725021362305,nan,nan,nan,1.578995249166077,1.5650978315516137e-05,7.589722821880426e-12,2.754945157690154e-06,5.544092086290584e-06,1.118292447954694e-05,5.013058951688909e-06,6.814447238678864e-06,4.906094211869709e-06,4.4405460357666016e-05,1.5573203563690245e-05,yes,measured,no
basis_1_to_basis_0,two_level,qutip_cpu,adaptive Adams,gqis_dp5,fixed-step Dormand-Prince fifth-order formula,dp5,,False,analytic,,64,3.0,2.998535871156662,2048,81920,683,27320,0.008069642819464207,1054.9324578000233,0.011435508728027344,nan,nan,nan,2.2797723292469354,1.0840038756486057e-05,1.7500049652178502e-11,4.1833060672365944e-06,8.418546553334419e-06,1.0803899733624611e-05,7.02643033266559e-06,8.199756176988095e-06,5.621246653223783e-06,4.038214683532715e-05,1.6872584819793717e-05,yes,measured,no
basis_1_to_basis_0,two_level,qutip_cpu,adaptive Adams,gqis_dp5,fixed-step Dormand-Prince fifth-order formula,dp5,,False,analytic,,64,4.0,4.0,2048,81920,512,20480,0.010764777660369873,1054.9324578000233,0.009997367858886719,nan,nan,nan,2.607722026137556,9.476784778937814e-06,3.7647814210012044e-11,6.135781466937365e-06,1.234773671595599e-05,1.433374697973333e-05,1.0043278089955088e-05,1.1420337287984528e-05,7.215352376564081e-06,4.1544437408447266e-05,1.9045174121856695e-05,yes,measured,no
basis_1_to_basis_0,two_level,qutip_cpu,adaptive Adams,gqis_dp5,fixed-step Dormand-Prince fifth-order formula,dp5,,False,analytic,,64,6.0,6.005865102639296,2048,81920,341,13640,0.016162950545549393,1054.9324578000233,0.0069980621337890625,nan,nan,nan,3.725367947669665,6.6336589437990735e-06,1.3194118799936173e-10,1.1486565544119866e-05,2.31157331586255e-05,4.832815745969832e-05,1.8707160992975647e-05,2.9493543031428055e-05,1.2072155309025303e-05,4.9948692321777344e-05,3.085881471633916e-05,yes,measured,no
basis_1_to_basis_0,two_level,qutip_cpu,adaptive Adams,gqis_dp5,fixed-step Dormand-Prince fifth-order formula,dp5,,False,analytic,,64,8.0,8.0,2048,81920,256,10240,0.021529555320739746,1054.9324578000233,0.007060527801513672,nan,nan,nan,3.6924089957452555,6.692871898394172e-06,5.044774574762728e-10,2.24605756265567e-05,4.5199992180290515e-05,0.00014729420815629002,4.012900600521008e-05,8.099156617041311e-05,2.2734002832955468e-05,0.00014823675155639648,8.033215999603277e-05,yes,measured,no
basis_1_to_basis_0,two_level,qutip_cpu,adaptive Adams,gqis_dp5,fixed-step Dormand-Prince fifth-order formula,dp5,,False,analytic,,64,10.0,9.990243902439024,2048,81920,205,8200,0.026885688304901123,1054.9324578000233,0.004032611846923828,nan,nan,nan,6.4648811635331676,3.822625626036301e-06,2.132731471137959e-09,4.618150572618826e-05,9.293634020802514e-05,0.000374315999100705,8.552857843212996e-05,0.0001994634177941185,4.628000088500312e-05,0.0003749430179595947,0.00019905269145965588,yes,measured,no
basis_1_to_basis_0,two_level,qutip_cpu,adaptive Adams,gqis_dp5,fixed-step Dormand-Prince fifth-order formula,dp5,,False,analytic,,64,12.0,11.976608187134502,2048,81920,171,6840,0.03223137930035591,1054.9324578000233,0.004129648208618164,nan,nan,nan,6.312972692107846,3.914609108937849e-06,8.06330430479143e-09,8.979590360807908e-05,0.00018070659489725297,0.0007739055376749238,0.00017687248407596834,0.00040321058888846716,8.981302468350593e-05,0.0007745325565338135,0.0004051446914672852,yes,measured,no
basis_1_to_basis_0,two_level,qutip_cpu,adaptive Adams,gqis_dp5,fixed-step Dormand-Prince fifth-order formula,dp5,,False,analytic,,64,14.0,14.027397260273972,2048,81920,146,5840,0.037750452756881714,1054.9324578000233,0.00404047966003418,nan,nan,nan,6.452292441140025,3.830083746271562e-06,2.578646923390359e-08,0.00016058165908317047,0.0003231568885650198,0.0013390171747904023,0.0003537855317564814,0.0006949318950208646,0.00016056167936345756,0.001339644193649292,0.0006946481764316563,yes,measured,no
basis_1_to_basis_0,two_level,qutip_cpu,adaptive Adams,gqis_dp5,fixed-step Dormand-Prince fifth-order formula,dp5,,False,analytic,,64,16.0,16.0,2048,81920,128,5120,0.04305911064147949,1054.9324578000233,0.003969430923461914,nan,nan,nan,6.567781848759685,3.762734660510724e-06,6.75501450370544e-08,0.0002599041073878102,0.0005230348418882163,0.0018578166819804287,0.0005656819109372269,0.0013292920373435993,0.00025987104838835594,0.0018578767776489258,0.001333229988813401,yes,measured,no
basis_1_to_basis_0,two_level,qutip_cpu,adaptive Adams,gqis_dp5,fixed-step Dormand-Prince fifth-order formula,dp5,,False,analytic,,64,20.0,20.07843137254902,2048,81920,102,4080,0.05403495952486992,1054.9324578000233,0.0030264854431152344,nan,nan,nan,8.614069639199622,2.8688902504969146e-06,5.762253757900907e-07,0.0007590951032578795,0.0015276141316157802,0.007993201572182473,0.000964644186968136,0.003221061956061421,0.00075908406116732,0.007993251085281372,0.003224480897188215,yes,measured,yes
basis_1_to_basis_0,two_level,qutip_cpu,adaptive Adams,gqis_dp5,fixed-step Dormand-Prince fifth-order formula,dp5,,False,analytic,,64,24.0,24.094117647058823,2048,81920,85,3400,0.06484195590019226,1054.9324578000233,0.00400853157043457,nan,nan,nan,6.503717361565455,3.799799258043534e-06,8.41517940291573e-06,0.002900892863053672,0.005837799391519328,0.026441537177924357,0.003754427624935164,0.017617160293053085,0.002900916232869713,0.02644142508506775,0.017617943137884156,no,measured,no
basis_1_to_basis_0,two_level,qutip_cpu,adaptive Adams,gqis_dp5,fixed-step Dormand-Prince fifth-order formula,dp5,,False,analytic,,64,32.0,32.0,2048,81920,64,2560,0.08611822128295898,1054.9324578000233,0.0031082630157470703,nan,nan,nan,8.387435759760681,2.946409500214926e-06,0.00849969137461672,0.09219377080159331,0.18553209804544785,2.918529454399753,0.055090030869212214,0.24185945183930477,0.09219378165869407,2.918531835079193,0.24185533039271834,no,measured,no
basis_1_to_basis_0,two_level,qutip_cpu,adaptive Adams,gqis_dp5,fixed-step Dormand-Prince fifth-order formula,dp5,,False,analytic,,64,48.0,47.627906976744185,2048,81920,43,1720,0.12817595899105072,1054.9324578000233,0.003098726272583008,nan,nan,nan,8.413249211356467,2.9373693544752164e-06,nan,nan,nan,nan,nan,nan,nan,nan,nan,no,non-finite,no
basis_1_to_basis_0,two_level,qutip_cpu,adaptive Adams,gqis_dp5,fixed-step Dormand-Prince fifth-order formula,dp5,,False,analytic,,64,64.0,64.0,2048,81920,32,1280,0.17223644256591797,1054.9324578000233,0.003615140914916992,nan,nan,nan,7.21143573171536,3.426893246280504e-06,nan,nan,nan,nan,nan,nan,nan,nan,nan,no,non-finite,no
basis_1_to_basis_0,two_level,qutip_cpu,adaptive Adams,gqis_ab5,fixed-step fifth-order Adams-Bashforth,ab5,,False,analytic,,64,1.0,1.0,2048,81920,2048,81920,0.0026911944150924683,1054.9324578000233,0.017559289932250977,nan,nan,nan,1.0,1.6644942339597232e-05,1.1360635779383377e-11,3.3705542243647967e-06,6.782952811075827e-06,3.468330963302124e-05,7.043358475039563e-06,1.263751421778927e-05,0.0,0.0,0.0,yes,measured,no
basis_1_to_basis_0,two_level,qutip_cpu,adaptive Adams,gqis_ab5,fixed-step fifth-order Adams-Bashforth,ab5,,False,analytic,,64,2.0,2.0,2048,81920,1024,40960,0.0053823888301849365,1054.9324578000233,0.009005069732666016,nan,nan,nan,1.9499338099020387,8.536157614721007e-06,3.3607553638793613e-10,1.8332363087936483e-05,3.689231665288388e-05,0.00016580899084883693,3.654710142298595e-05,8.763756490184495e-05,1.7916807748363045e-05,0.00016170740127563477,8.48546624183655e-05,yes,measured,no
basis_1_to_basis_0,two_level,qutip_cpu,adaptive Adams,gqis_ab5,fixed-step fifth-order Adams-Bashforth,ab5,,False,analytic,,64,3.0,2.998535871156662,2048,81920,683,27320,0.008069642819464207,1054.9324578000233,0.0070343017578125,nan,nan,nan,2.496237798264642,6.6680114976099705e-06,1.8589318972176027e-08,0.00013634265279866028,0.0002743779564159049,0.0012562457796739257,0.000262671652165522,0.0006506179201087731,0.00013567164342936182,0.0012507140636444092,0.0006471216678619386,yes,measured,no
basis_1_to_basis_0,two_level,qutip_cpu,adaptive Adams,gqis_ab5,fixed-step fifth-order Adams-Bashforth,ab5,,False,analytic,,64,4.0,4.0,2048,81920,512,20480,0.010764777660369873,1054.9324578000233,0.004960060119628906,nan,nan,nan,3.5401365122091906,4.701779799223083e-06,3.1412439320444666e-07,0.0005604680126505407,0.001127894058029139,0.005263197827021948,0.0009963740392310433,0.0026441092831963817,0.0005597991045874188,0.005257666110992432,0.0026438742876052895,yes,measured,yes
basis_1_to_basis_0,two_level,qutip_cpu,adaptive Adams,gqis_ab5,fixed-step fifth-order Adams-Bashforth,ab5,,False,analytic,,64,6.0,6.005865102639296,2048,81920,341,13640,0.016162950545549393,1054.9324578000233,0.0040340423583984375,nan,nan,nan,4.352777777777778,3.823981647897258e-06,1.64214026712696e-05,0.004052332991163189,0.008154974411962097,0.04159586508597213,0.007244967842353386,0.019285860157343737,0.004051732324491236,0.041591763496398926,0.019280453026294712,no,measured,no
basis_1_to_basis_0,two_level,qutip_cpu,adaptive Adams,gqis_ab5,fixed-step fifth-order Adams-Bashforth,ab5,,False,analytic,,64,8.0,8.0,2048,81920,256,10240,0.021529555320739746,1054.9324578000233,0.005042314529418945,nan,nan,nan,3.4823868740838813,4.77975105622808e-06,nan,nan,nan,nan,nan,nan,nan,nan,nan,no,non-finite,no
basis_1_to_basis_0,two_level,qutip_cpu,adaptive Adams,gqis_ab5,fixed-step fifth-order Adams-Bashforth,ab5,,False,analytic,,64,10.0,9.990243902439024,2048,81920,205,8200,0.026885688304901123,1054.9324578000233,0.005036115646362305,nan,nan,nan,3.48667329451309,4.773874961497269e-06,nan,nan,nan,nan,nan,nan,nan,nan,nan,no,non-finite,no
basis_1_to_basis_0,two_level,qutip_cpu,adaptive Adams,gqis_ab5,fixed-step fifth-order Adams-Bashforth,ab5,,False,analytic,,64,12.0,11.976608187134502,2048,81920,171,6840,0.03223137930035591,1054.9324578000233,0.00462794303894043,nan,nan,nan,3.794188861985472,4.386956723837688e-06,nan,nan,nan,nan,nan,nan,nan,nan,nan,no,non-finite,no
basis_1_to_basis_0,two_level,qutip_cpu,adaptive Adams,gqis_ab5,fixed-step fifth-order Adams-Bashforth,ab5,,False,analytic,,64,14.0,14.027397260273972,2048,81920,146,5840,0.037750452756881714,1054.9324578000233,0.005040884017944336,nan,nan,nan,3.483375112330322,4.778395034367123e-06,nan,nan,nan,nan,nan,nan,nan,nan,nan,no,non-finite,no
basis_1_to_basis_0,two_level,qutip_cpu,adaptive Adams,gqis_ab5,fixed-step fifth-order Adams-Bashforth,ab5,,False,analytic,,64,16.0,16.0,2048,81920,128,5120,0.04305911064147949,1054.9324578000233,0.00405120849609375,nan,nan,nan,4.334333804143126,3.8402539102287355e-06,nan,nan,nan,nan,nan,nan,nan,nan,nan,no,non-finite,no
basis_1_to_basis_0,two_level,qutip_cpu,adaptive Adams,gqis_ab5,fixed-step fifth-order Adams-Bashforth,ab5,,False,analytic,,64,20.0,20.07843137254902,2048,81920,102,4080,0.05403495952486992,1054.9324578000233,0.002974987030029297,nan,nan,nan,5.902308062189453,2.8200734635024814e-06,nan,nan,nan,nan,nan,nan,nan,nan,nan,no,non-finite,no
basis_1_to_basis_0,two_level,qutip_cpu,adaptive Adams,gqis_ab5,fixed-step fifth-order Adams-Bashforth,ab5,,False,analytic,,64,24.0,24.094117647058823,2048,81920,85,3400,0.06484195590019226,1054.9324578000233,0.0040929317474365234,nan,nan,nan,4.290149705830955,3.879804547839966e-06,nan,nan,nan,nan,nan,nan,nan,nan,nan,no,non-finite,no
basis_1_to_basis_0,two_level,qutip_cpu,adaptive Adams,gqis_ab5,fixed-step fifth-order Adams-Bashforth,ab5,,False,analytic,,64,32.0,32.0,2048,81920,64,2560,0.08611822128295898,1054.9324578000233,0.0030150413513183594,nan,nan,nan,5.823896884390321,2.8580420756092626e-06,nan,nan,nan,nan,nan,nan,nan,nan,nan,no,non-finite,no
basis_1_to_basis_0,two_level,qutip_cpu,adaptive Adams,gqis_ab5,fixed-step fifth-order Adams-Bashforth,ab5,,False,analytic,,64,48.0,47.627906976744185,2048,81920,43,1720,0.12817595899105072,1054.9324578000233,0.0020151138305664062,nan,nan,nan,8.713795551348793,1.910182794800687e-06,nan,nan,nan,nan,nan,nan,nan,nan,nan,no,non-finite,no
basis_1_to_basis_0,two_level,qutip_cpu,adaptive Adams,gqis_ab5,fixed-step fifth-order Adams-Bashforth,ab5,,False,analytic,,64,64.0,64.0,2048,81920,32,1280,0.17223644256591797,1054.9324578000233,0.002942800521850586,nan,nan,nan,5.96686380944665,2.7895629716309607e-06,nan,nan,nan,nan,nan,nan,nan,nan,nan,no,non-finite,no
basis_1_to_basis_0,two_level,qutip_cpu,adaptive Adams,gqis_tsit5,fixed-step Tsitouras fifth-order formula,tsit5,,False,analytic,,64,1.0,1.0,2048,81920,2048,81920,0.0026911944150924683,1054.9324578000233,0.02692890167236328,nan,nan,nan,1.0,2.5526659525218648e-05,1.697482741137148e-11,4.120051869985556e-06,8.291252878022866e-06,3.483232124495972e-05,8.11447420439454e-06,1.277574458576903e-05,0.0,0.0,0.0,yes,measured,no
basis_1_to_basis_0,two_level,qutip_cpu,adaptive Adams,gqis_tsit5,fixed-step Tsitouras fifth-order formula,tsit5,,False,analytic,,64,2.0,2.0,2048,81920,1024,40960,0.0053823888301849365,1054.9324578000233,0.015035867691040039,nan,nan,nan,1.7909775628319988,1.425291977687001e-05,7.385205618917754e-12,2.717573479948197e-06,5.468884773273035e-06,1.1463959474922875e-05,5.312649852096986e-06,7.1072424691693745e-06,5.218670870456152e-06,4.44948673248291e-05,1.565366983413699e-05,yes,measured,no
basis_1_to_basis_0,two_level,qutip_cpu,adaptive Adams,gqis_tsit5,fixed-step Tsitouras fifth-order formula,tsit5,,False,analytic,,64,3.0,2.998535871156662,2048,81920,683,27320,0.008069642819464207,1054.9324578000233,0.01115107536315918,nan,nan,nan,2.414915225246413,1.057041640979921e-05,1.383749863173594e-11,3.7198788463787286e-06,7.485938809562156e-06,1.0893306700787697e-05,6.725310762192849e-06,8.198396025549394e-06,5.695404267466589e-06,4.07099723815918e-05,1.7078220844268804e-05,yes,measured,no
basis_1_to_basis_0,two_level,qutip_cpu,adaptive Adams,gqis_tsit5,fixed-step Tsitouras fifth-order formula,tsit5,,False,analytic,,64,4.0,4.0,2048,81920,512,20480,0.010764777660369873,1054.9324578000233,0.009049654006958008,nan,nan,nan,2.9756830097215268,8.57842029605415e-06,2.594989656254549e-11,5.094104098126135e-06,1.025144988397548e-05,1.2630685498948857e-05,9.44434548362516e-06,1.0708783897944718e-05,6.766376943622484e-06,4.163384437561035e-05,1.908391714096073e-05,yes,measured,no
basis_1_to_basis_0,two_level,qutip_cpu,adaptive Adams,gqis_tsit5,fixed-step Tsitouras fifth-order formula,tsit5,,False,analytic,,64,6.0,6.005865102639296,2048,81920,341,13640,0.016162950545549393,1054.9324578000233,0.006428956985473633,nan,nan,nan,4.188689041349898,6.094188246781889e-06,7.9126024021736e-11,8.895280997345503e-06,1.7900994088776257e-05,2.0424510354222214e-05,1.562914214013611e-05,1.6992946561486537e-05,1.0019553078461752e-05,4.9561262130737305e-05,2.4977326393127452e-05,yes,measured,no
basis_1_to_basis_0,two_level,qutip_cpu,adaptive Adams,gqis_tsit5,fixed-step Tsitouras fifth-order formula,tsit5,,False,analytic,,64,8.0,8.0,2048,81920,256,10240,0.021529555320739746,1054.9324578000233,0.0062961578369140625,nan,nan,nan,4.277037261435929,5.968304217356429e-06,1.4047014736487427e-10,1.1852010266822851e-05,2.3851159484430473e-05,2.372086008706198e-05,2.1143459010539156e-05,2.2151974732190217e-05,1.2734661039007431e-05,5.695223808288574e-05,3.0998885631561296e-05,yes,measured,no
basis_1_to_basis_0,two_level,qutip_cpu,adaptive Adams,gqis_tsit5,fixed-step Tsitouras fifth-order formula,tsit5,,False,analytic,,64,10.0,9.990243902439024,2048,81920,205,8200,0.026885688304901123,1054.9324578000233,0.0050830841064453125,nan,nan,nan,5.297748592870544,4.818397679265339e-06,2.4373788642660533e-10,1.5612107046347246e-05,3.141803345317627e-05,6.730373549729274e-05,2.747535238882548e-05,2.9227501154002757e-05,1.6190084628013106e-05,6.577372550964355e-05,3.939643502235417e-05,yes,measured,no
basis_1_to_basis_0,two_level,qutip_cpu,adaptive Adams,gqis_tsit5,fixed-step Tsitouras fifth-order formula,tsit5,,False,analytic,,64,12.0,11.976608187134502,2048,81920,171,6840,0.03223137930035591,1054.9324578000233,0.005157470703125,nan,nan,nan,5.22133875739645,4.888910816035076e-06,7.803328104321851e-10,2.7934437714623594e-05,5.621567261922246e-05,0.00022856410193711207,3.672342168110215e-05,0.00011645038456122883,2.8062177763209568e-05,0.00022858381271362305,0.00011446997523307849,yes,measured,no
basis_1_to_basis_0,two_level,qutip_cpu,adaptive Adams,gqis_tsit5,fixed-step Tsitouras fifth-order formula,tsit5,,False,analytic,,64,14.0,14.027397260273972,2048,81920,146,5840,0.037750452756881714,1054.9324578000233,0.0050547122955322266,nan,nan,nan,5.327484552615442,4.791503245689702e-06,5.29648950512151e-09,7.27769847212806e-05,0.00014645747264008577,0.0006552797228132623,8.935614539817838e-05,0.0003898674320442501,7.254445390978979e-05,0.0006504952907562256,0.0003886409103870403,yes,measured,no
basis_1_to_basis_0,two_level,qutip_cpu,adaptive Adams,gqis_tsit5,fixed-step Tsitouras fifth-order formula,tsit5,,False,analytic,,64,16.0,16.0,2048,81920,128,5120,0.04305911064147949,1054.9324578000233,0.004051923751831055,nan,nan,nan,6.645954692556634,3.840931921159214e-06,3.343118257985336e-08,0.00018284196066508738,0.00036795384631724645,0.0015418835750792281,0.00026767958875158204,0.001067190928346292,0.00018250173755176113,0.0015404820442199707,0.001065582036972046,yes,measured,no
basis_1_to_basis_0,two_level,qutip_cpu,adaptive Adams,gqis_tsit5,fixed-step Tsitouras fifth-order formula,tsit5,,False,analytic,,64,20.0,20.07843137254902,2048,81920,102,4080,0.05403495952486992,1054.9324578000233,0.004009246826171875,nan,nan,nan,6.716698382492864,3.8004772689740125e-06,8.47869009159694e-07,0.0009207980284295216,0.001853027472520829,0.0081674166790221,0.001608321738732911,0.0050896771748471115,0.0009204235395164135,0.008166015148162842,0.005087267607450494,yes,measured,yes
basis_1_to_basis_0,two_level,qutip_cpu,adaptive Adams,gqis_tsit5,fixed-step Tsitouras fifth-order formula,tsit5,,False,analytic,,64,24.0,24.094117647058823,2048,81920,85,3400,0.06484195590019226,1054.9324578000233,0.004004955291748047,nan,nan,nan,6.72389570186927,3.796409203391143e-06,1.1722591158565691e-05,0.0034238269755590294,0.0068901596777847475,0.033038098025004736,0.0061980075457647305,0.018101706258308113,0.0034234691667451426,0.03303876519203186,0.018102000653743767,no,measured,no
basis_1_to_basis_0,two_level,qutip_cpu,adaptive Adams,gqis_tsit5,fixed-step Tsitouras fifth-order formula,tsit5,,False,analytic,,64,32.0,32.0,2048,81920,64,2560,0.08611822128295898,1054.9324578000233,0.0030469894409179688,nan,nan,nan,8.837871674491392,2.8883265638372906e-06,0.0015011123847247989,0.038744191625646275,0.0779693801097546,0.5555217679265334,0.05137381588373532,0.19998498451058283,0.038743926756914605,0.5555211007595062,0.19998296871781351,no,measured,no
basis_1_to_basis_0,two_level,qutip_cpu,adaptive Adams,gqis_tsit5,fixed-step Tsitouras fifth-order formula,tsit5,,False,analytic,,64,48.0,47.627906976744185,2048,81920,43,1720,0.12817595899105072,1054.9324578000233,0.003020763397216797,nan,nan,nan,8.91460142067877,2.8634661630530886e-06,6.638210454822197e+53,8.147521374517649e+26,1.639619164441711e+27,4.6543152929049005e+28,297665367.64101195,1.6596344784173636e+19,8.14752137451765e+26,4.6543152929049005e+28,1.6596344784173636e+19,no,measured,no
basis_1_to_basis_0,two_level,qutip_cpu,adaptive Adams,gqis_tsit5,fixed-step Tsitouras fifth-order formula,tsit5,,False,analytic,,64,64.0,64.0,2048,81920,32,1280,0.17223644256591797,1054.9324578000233,0.0031015872955322266,nan,nan,nan,8.682296871396725,2.9400813981971292e-06,nan,nan,nan,nan,nan,nan,nan,nan,nan,no,non-finite,no
basis_1_to_basis_0,two_level,qutip_cpu,adaptive Adams,gqis_dop853,fixed-step Dormand-Prince eighth-order DOP853 main formula,dop853,,False,analytic,,64,1.0,1.0,2048,81920,2048,81920,0.0026911944150924683,1054.9324578000233,0.05147671699523926,nan,nan,nan,1.0,4.879622066287524e-05,1.9531577708971736e-11,4.419454458298188e-06,8.893775042881752e-06,3.4593902665858156e-05,8.6686275572595e-06,1.3032625448919374e-05,0.0,0.0,0.0,yes,measured,no
basis_1_to_basis_0,two_level,qutip_cpu,adaptive Adams,gqis_dop853,fixed-step Dormand-Prince eighth-order DOP853 main formula,dop853,,False,analytic,,64,2.0,2.0,2048,81920,1024,40960,0.0053823888301849365,1054.9324578000233,0.02998948097229004,nan,nan,nan,1.716492427554955,2.8427868296735023e-05,1.4047233952621158e-11,3.7479639742960655e-06,7.542457733357908e-06,1.3995818339218591e-05,7.411794800321614e-06,1.0676730133046822e-05,5.891509501141447e-06,4.4792890548706055e-05,1.654326915740968e-05,yes,measured,no
basis_1_to_basis_0,two_level,qutip_cpu,adaptive Adams,gqis_dop853,fixed-step Dormand-Prince eighth-order DOP853 main formula,dop853,,False,analytic,,64,3.0,2.998535871156662,2048,81920,683,27320,0.008069642819464207,1054.9324578000233,0.018856525421142578,nan,nan,nan,2.729915286382602,1.787462816384126e-05,3.4871346280773023e-11,5.905196548868888e-06,1.1883704241148668e-05,2.9871846551121628e-05,1.1291355793530133e-05,1.8224198859617714e-05,7.382462244283053e-06,4.0918588638305664e-05,2.0951032638549805e-05,yes,measured,no
basis_1_to_basis_0,two_level,qutip_cpu,adaptive Adams,gqis_dop853,fixed-step Dormand-Prince eighth-order DOP853 main formula,dop853,,False,analytic,,64,4.0,4.0,2048,81920,512,20480,0.010764777660369873,1054.9324578000233,0.013995170593261719,nan,nan,nan,3.678177172061329,1.3266413873024175e-05,4.758566192581928e-11,6.898236145988283e-06,1.3882111707226448e-05,2.2820120101962882e-05,1.1960401934213438e-05,1.6169127765412755e-05,8.051787575923092e-06,4.145503044128418e-05,2.0684301853179937e-05,yes,measured,no
basis_1_to_basis_0,two_level,qutip_cpu,adaptive Adams,gqis_dop853,fixed-step Dormand-Prince eighth-order DOP853 main formula,dop853,,False,analytic,,64,6.0,6.005865102639296,2048,81920,341,13640,0.016162950545549393,1054.9324578000233,0.011138677597045898,nan,nan,nan,4.62143881504313,1.0558664220337589e-05,1.0822672529757609e-10,1.0403207452395443e-05,2.0935567427854986e-05,3.467567251502768e-05,1.8118281771797862e-05,2.4117768561682242e-05,1.1001474020069047e-05,4.9591064453125e-05,2.754032611846925e-05,yes,measured,no
basis_1_to_basis_0,two_level,qutip_cpu,adaptive Adams,gqis_dop853,fixed-step Dormand-Prince eighth-order DOP853 main formula,dop853,,False,analytic,,64,8.0,8.0,2048,81920,256,10240,0.021529555320739746,1054.9324578000233,0.009055852890014648,nan,nan,nan,5.684358792091198,8.584296390784961e-06,2.2185145271695595e-10,1.4894678671154875e-05,2.9974270056913526e-05,4.028454282956062e-05,2.39717232334985e-05,2.811601080909001e-05,1.5335926068150185e-05,5.650520324707031e-05,3.260523080825806e-05,yes,measured,no
basis_1_to_basis_0,two_level,qutip_cpu,adaptive Adams,gqis_dop853,fixed-step Dormand-Prince eighth-order DOP853 main formula,dop853,,False,analytic,,64,10.0,9.990243902439024,2048,81920,205,8200,0.026885688304901123,1054.9324578000233,0.009050130844116211,nan,nan,nan,5.68795279116942,8.578872303341135e-06,3.1702659453408977e-10,1.7805240648025226e-05,3.583152771504947e-05,4.647174012106792e-05,2.9211402586035162e-05,3.4049312805115034e-05,1.815127075345624e-05,6.124377250671387e-05,3.9014220237731944e-05,yes,measured,no
basis_1_to_basis_0,two_level,qutip_cpu,adaptive Adams,gqis_dop853,fixed-step Dormand-Prince eighth-order DOP853 main formula,dop853,,False,analytic,,64,12.0,11.976608187134502,2048,81920,171,6840,0.03223137930035591,1054.9324578000233,0.005967617034912109,nan,nan,nan,8.626008789452657,5.656871196623426e-06,5.681258268603892e-10,2.3835390218336876e-05,4.7966689251239085e-05,4.951612523995674e-05,3.736707430680719e-05,4.3791198944398425e-05,2.399535481058622e-05,6.753206253051758e-05,4.55141067504883e-05,yes,measured,no
basis_1_to_basis_0,two_level,qutip_cpu,adaptive Adams,gqis_dop853,fixed-step Dormand-Prince eighth-order DOP853 main formula,dop853,,False,analytic,,64,14.0,14.027397260273972,2048,81920,146,5840,0.037750452756881714,1054.9324578000233,0.006077289581298828,nan,nan,nan,8.470341310317771,5.760832872630089e-06,5.935694718682368e-10,2.4363281221301797e-05,4.902902485664752e-05,4.502947949147629e-05,3.97291227855201e-05,4.113500780200119e-05,2.455106691244789e-05,7.31348991394043e-05,4.9567222595214865e-05,yes,measured,no
basis_1_to_basis_0,two_level,qutip_cpu,adaptive Adams,gqis_dop853,fixed-step Dormand-Prince eighth-order DOP853 main formula,dop853,,False,analytic,,64,16.0,16.0,2048,81920,128,5120,0.04305911064147949,1054.9324578000233,0.006218910217285156,nan,nan,nan,8.277449777641467,5.89507903686478e-06,9.633981943539814e-10,3.103865645214015e-05,6.246264798595173e-05,6.458114159041406e-05,4.766053912459711e-05,5.262219093224168e-05,3.117774085438685e-05,7.939338684082031e-05,5.761533975601199e-05,yes,measured,no
basis_1_to_basis_0,two_level,qutip_cpu,adaptive Adams,gqis_dop853,fixed-step Dormand-Prince eighth-order DOP853 main formula,dop853,,False,analytic,,64,20.0,20.07843137254902,2048,81920,102,4080,0.05403495952486992,1054.9324578000233,0.005235433578491211,nan,nan,nan,9.832369415729314,4.962814007457204e-06,1.2694568934628126e-09,3.5629438579113375e-05,7.170120534488522e-05,7.174410950583354e-05,5.870506634433892e-05,6.238067561927242e-05,3.5738702817604586e-05,9.140372276306152e-05,6.914734840393069e-05,yes,measured,no
basis_1_to_basis_0,two_level,qutip_cpu,adaptive Adams,gqis_dop853,fixed-step Dormand-Prince eighth-order DOP853 main formula,dop853,,False,analytic,,64,24.0,24.094117647058823,2048,81920,85,3400,0.06484195590019226,1054.9324578000233,0.005060911178588867,nan,nan,nan,10.171432609412541,4.797379340420514e-06,2.0023823896993496e-09,4.474798754915521e-05,9.005150718016692e-05,9.403624665182964e-05,7.116470145321352e-05,7.657141429839588e-05,4.484146278837621e-05,0.00010463595390319824,8.261501789093019e-05,yes,measured,no
basis_1_to_basis_0,two_level,qutip_cpu,adaptive Adams,gqis_dop853,fixed-step Dormand-Prince eighth-order DOP853 main formula,dop853,,False,analytic,,64,32.0,32.0,2048,81920,64,2560,0.08611822128295898,1054.9324578000233,0.004061222076416016,nan,nan,nan,12.675179053657391,3.849746063255431e-06,4.773348908164484e-09,6.908942689127247e-05,0.00013903657711843842,0.00023416797791642185,0.0001085367512551269,0.00016388382333025201,6.910662108315146e-05,0.00023451447486877441,0.00016574263572692886,yes,measured,no
basis_1_to_basis_0,two_level,qutip_cpu,adaptive Adams,gqis_dop853,fixed-step Dormand-Prince eighth-order DOP853 main formula,dop853,,False,analytic,,64,48.0,47.627906976744185,2048,81920,43,1720,0.12817595899105072,1054.9324578000233,0.003177642822265625,nan,nan,nan,16.19965486194478,3.012176560471315e-06,2.8195539700790446e-07,0.0005309947240866942,0.00106858157936594,0.005160491868602457,0.0008688704932894725,0.0025693281642528228,0.0005310035069932567,0.00516083836555481,0.002565348893404008,yes,measured,yes
basis_1_to_basis_0,two_level,qutip_cpu,adaptive Adams,gqis_dop853,fixed-step Dormand-Prince eighth-order DOP853 main formula,dop853,,False,analytic,,64,64.0,64.0,2048,81920,32,1280,0.17223644256591797,1054.9324578000233,0.004955291748046875,nan,nan,nan,10.388231331793687,4.697259726353228e-06,2.7185954298190222e-05,0.005214015180088204,0.010492760705974505,0.049737660906861325,0.009127885221057973,0.02531879218317669,0.005213960406344362,0.049735188484191895,0.025311885774135626,no,measured,no
basis_1_to_basis_0,two_level,qutip_cpu,adaptive Adams,julia_gpu_fp32_fopt,"fixed-step GPUTsit5, FP32 integer-step time",,,,analytic,fp32_integer_step,64,1.0,1.0,2048,81920,2048,81920,0.0026911944150924683,1054.9324578000233,0.0989999771118164,20.749863386154175,0.0989999771118164,20.65086340904236,1.0,9.384484890935377e-05,1.1983560589672746e-11,3.461727977422944e-06,6.966432210437408e-06,3.0921355060775646e-05,7.489814810898721e-06,1.1453702051347788e-05,0.0,0.0,0.0,yes,measured,no
basis_1_to_basis_0,two_level,qutip_cpu,adaptive Adams,julia_gpu_fp32_fopt,"fixed-step GPUTsit5, FP32 integer-step time",,,,analytic,fp32_integer_step,64,2.0,2.0,2048,81920,1024,40960,0.0053823888301849365,1054.9324578000233,0.11500000953674316,21.210039377212524,0.11500000953674316,21.09503936767578,0.8608692947993656,0.00010901172742050845,6.316918844162282e-12,2.513348134294627e-06,5.057898689031985e-06,1.1831175780185887e-05,5.1021742821233396e-06,7.201372364248893e-06,3.746969919760515e-06,3.1888484954833984e-05,1.2756884098052984e-05,yes,measured,no
basis_1_to_basis_0,two_level,qutip_cpu,adaptive Adams,julia_gpu_fp32_fopt,"fixed-step GPUTsit5, FP32 integer-step time",,,,analytic,fp32_integer_step,64,3.0,2.998535871156662,2048,81920,683,27320,0.008069642819464207,1054.9324578000233,0.09500002861022949,22.324703454971313,0.09500002861022949,22.229703426361084,1.0421047083890689,9.005318578247598e-05,4.737618863103402e-12,2.1766071908140436e-06,4.380236269992754e-06,8.2493690973795e-06,4.296415419019484e-06,5.522066853855259e-06,3.0678473828967633e-06,2.7239322662353516e-05,1.043379306793214e-05,yes,measured,no
basis_1_to_basis_0,two_level,qutip_cpu,adaptive Adams,julia_gpu_fp32_fopt,"fixed-step GPUTsit5, FP32 integer-step time",,,,analytic,fp32_integer_step,64,4.0,4.0,2048,81920,512,20480,0.010764777660369873,1054.9324578000233,0.0969998836517334,21.52947163581848,0.0969998836517334,21.432471752166748,1.0206195449394981,9.194890434409312e-05,4.585910334621365e-12,2.1414738697031455e-06,4.309533458725415e-06,9.054031801847273e-06,4.165091358365736e-06,5.310657835955191e-06,3.15874283199395e-06,2.6464462280273438e-05,1.0789930820465093e-05,yes,measured,no
basis_1_to_basis_0,two_level,qutip_cpu,adaptive Adams,julia_gpu_fp32_fopt,"fixed-step GPUTsit5, FP32 integer-step time",,,,analytic,fp32_integer_step,64,6.0,6.005865102639296,2048,81920,341,13640,0.016162950545549393,1054.9324578000233,0.06099987030029297,21.50404953956604,0.06099987030029297,21.443049669265747,1.6229538952206743,5.7823484194905984e-05,4.128892344760216e-12,2.0319676042595305e-06,4.089161442262406e-06,7.448079895056026e-06,3.9975067054609514e-06,5.146121027582726e-06,3.1619411228884194e-06,2.9206275939941406e-05,1.0345876216888444e-05,yes,measured,no
basis_1_to_basis_0,two_level,qutip_cpu,adaptive Adams,julia_gpu_fp32_fopt,"fixed-step GPUTsit5, FP32 integer-step time",,,,analytic,fp32_integer_step,64,8.0,8.0,2048,81920,256,10240,0.021529555320739746,1054.9324578000233,0.05499982833862305,20.61982035636902,0.05499982833862305,20.564820528030396,1.8000052018761434,5.2135876502767544e-05,7.1363109723174085e-12,2.671387462034927e-06,5.3759393526734734e-06,2.1235314015044526e-05,4.124983258829706e-06,1.0372660502915725e-05,3.6010190150269547e-06,3.045797348022461e-05,1.3232231140136719e-05,yes,measured,no
basis_1_to_basis_0,two_level,qutip_cpu,adaptive Adams,julia_gpu_fp32_fopt,"fixed-step GPUTsit5, FP32 integer-step time",,,,analytic,fp32_integer_step,64,10.0,9.990243902439024,2048,81920,205,8200,0.026885688304901123,1054.9324578000233,0.06700015068054199,21.428488969802856,0.06700015068054199,21.361488819122314,1.4776082755970237,6.351131789068792e-05,5.836309990156178e-11,7.639574589043672e-06,1.5373992075129082e-05,8.185323775161679e-05,1.0018118221259698e-05,3.089838014766757e-05,7.72530722239954e-06,7.936358451843262e-05,2.8757750988006695e-05,yes,measured,no
basis_1_to_basis_0,two_level,qutip_cpu,adaptive Adams,julia_gpu_fp32_fopt,"fixed-step GPUTsit5, FP32 integer-step time",,,,analytic,fp32_integer_step,64,12.0,11.976608187134502,2048,81920,171,6840,0.03223137930035591,1054.9324578000233,0.051000118255615234,21.44882082939148,0.051000118255615234,21.397820711135864,1.9411715207330185,4.834443937953324e-05,5.885208294220776e-10,2.425944825056987e-05,4.88200698617635e-05,0.00024784620452195094,3.186780796056443e-05,0.00013133816109162105,2.3914498539511423e-05,0.00024563074111938477,0.0001281589269638064,yes,measured,yes
basis_1_to_basis_0,two_level,qutip_cpu,adaptive Adams,julia_gpu_fp32_fopt,"fixed-step GPUTsit5, FP32 integer-step time",,,,analytic,fp32_integer_step,64,14.0,14.027397260273972,2048,81920,146,5840,0.037750452756881714,1054.9324578000233,0.059999942779541016,21.70243239402771,0.059999942779541016,21.64243245124817,1.6500011920940323,5.687562491409741e-05,5.411692784299162e-09,7.356420858202148e-05,0.00014804169349627586,0.0006789129644667047,0.00010716101836867609,0.0004054365125727214,7.304132508086714e-05,0.0006735324859619141,0.00039925873279571706,yes,measured,no
basis_1_to_basis_0,two_level,qutip_cpu,adaptive Adams,julia_gpu_fp32_fopt,"fixed-step GPUTsit5, FP32 integer-step time",,,,analytic,fp32_integer_step,64,16.0,16.0,2048,81920,128,5120,0.04305911064147949,1054.9324578000233,0.05299997329711914,22.483426570892334,0.05299997329711914,22.430426597595215,1.8679250375621912,5.024015794115039e-05,3.469711982182844e-08,0.0001862716291382787,0.0003748557615106373,0.0015491553417418258,0.00029742181086865604,0.0010768810339731759,0.00018567450081959414,0.0015466511249542236,0.0010744668543338784,yes,measured,no
basis_1_to_basis_0,two_level,qutip_cpu,adaptive Adams,julia_gpu_fp32_fopt,"fixed-step GPUTsit5, FP32 integer-step time",,,,analytic,fp32_integer_step,64,20.0,20.07843137254902,2048,81920,102,4080,0.05403495952486992,1054.9324578000233,0.05500006675720215,21.845712900161743,0.05500006675720215,21.79071283340454,1.799997399073203,5.213610250641104e-05,8.578376295976485e-07,0.0009261952437783561,0.001863888907936323,0.008170426713583256,0.0016140810375343331,0.005126317640106655,0.0009255457998914907,0.008167922496795654,0.005123893916606904,yes,measured,no
basis_1_to_basis_0,two_level,qutip_cpu,adaptive Adams,julia_gpu_fp32_fopt,"fixed-step GPUTsit5, FP32 integer-step time",,,,analytic,fp32_integer_step,64,24.0,24.094117647058823,2048,81920,85,3400,0.06484195590019226,1054.9324578000233,0.07200002670288086,21.714598655700684,0.07200002670288086,21.642598628997803,1.3749991721580184,6.825084029837429e-05,1.1771502514798603e-05,0.003430962330716938,0.006904518971273189,0.03303613107172715,0.006239970303443296,0.0180982648351304,0.003430307177006291,0.033040136098861694,0.018094791471958194,no,measured,no
basis_1_to_basis_0,two_level,qutip_cpu,adaptive Adams,julia_gpu_fp32_fopt,"fixed-step GPUTsit5, FP32 integer-step time",,,,analytic,fp32_integer_step,64,32.0,32.0,2048,81920,64,2560,0.08611822128295898,1054.9324578000233,0.05900001525878906,21.637393712997437,0.05900001525878906,21.578393697738647,1.6779652797982736,5.592776563328883e-05,0.00479790693581503,0.06926692526606786,0.13939377745409143,1.385594185660672,0.05176344183236321,0.2516981800512557,0.06926648577977723,1.385585993528366,0.2516939144465142,no,measured,no
basis_1_to_basis_0,two_level,qutip_cpu,adaptive Adams,julia_gpu_fp32_fopt,"fixed-step GPUTsit5, FP32 integer-step time",,,,analytic,fp32_integer_step,64,48.0,47.627906976744185,2048,81920,43,1720,0.12817595899105072,1054.9324578000233,0.05200004577636719,21.127052068710327,0.05200004577636719,21.07505202293396,1.903844037706782,4.929229866034182e-05,6.566124476696744e+53,8.103162639794875e+26,1.6306923475340167e+27,4.517899820077597e+28,293458336.32472277,1.4556246753491816e+19,8.103162639794875e+26,4.517899820077597e+28,1.4556246753491816e+19,no,measured,no
basis_1_to_basis_0,two_level,qutip_cpu,adaptive Adams,julia_gpu_fp32_fopt,"fixed-step GPUTsit5, FP32 integer-step time",,,,analytic,fp32_integer_step,64,64.0,64.0,2048,81920,32,1280,0.17223644256591797,1054.9324578000233,0.05500006675720215,21.246168851852417,0.05500006675720215,21.191168785095215,1.799997399073203,5.213610250641104e-05,nan,nan,nan,nan,nan,nan,nan,nan,nan,no,non-finite,no
basis_1_to_basis_0,two_level,qutip_cpu,adaptive Adams,qutip_cpu,adaptive Adams,,,,analytic,,64,1.0,1.0,2048,81920,2048,81920,0.0026911944150924683,1054.9324578000233,1055.2324706998188,nan,nan,nan,1.0,1.000284390623852,1.5710352156244464e-12,1.253409436546752e-06,2.522379553960739e-06,7.956291449368047e-06,2.7796019983448994e-06,4.870754047850426e-06,0.0,0.0,0.0,yes,measured,no
basis_1_to_basis_0,two_level,qutip_cpu,adaptive Adams,qutip_cpu,adaptive Adams,,,,analytic,,64,2.0,2.0,2048,81920,1024,40960,0.0053823888301849365,1054.9324578000233,577.392666199943,nan,nan,nan,1.8275820467979524,0.5473266671536953,7.253888909417855e-12,2.69330445910184e-06,5.420045439378954e-06,9.684752407923547e-06,4.645305254610821e-06,6.796161742028688e-06,1.8906783030865927e-06,4.933798890938146e-06,3.363324696337157e-06,yes,measured,no
basis_1_to_basis_0,two_level,qutip_cpu,adaptive Adams,qutip_cpu,adaptive Adams,,,,analytic,,64,3.0,2.998535871156662,2048,81920,683,27320,0.008069642819464207,1054.9324578000233,407.1290890001692,nan,nan,nan,2.591886699354416,0.38592905734382665,1.9891849417162773e-11,4.460027961477682e-06,8.975425756422315e-06,1.2253870914358256e-05,6.947082788089087e-06,8.622990597838281e-06,3.7399835983933386e-06,8.192220065095235e-06,6.24212440378247e-06,yes,measured,no
basis_1_to_basis_0,two_level,qutip_cpu,adaptive Adams,qutip_cpu,adaptive Adams,,,,analytic,,64,4.0,4.0,2048,81920,512,20480,0.010764777660369873,1054.9324578000233,320.16319639980793,nan,nan,nan,3.2959205885178746,0.3034916539277619,3.9417213051587524e-11,6.278312914437088e-06,1.26345690936986e-05,1.4387388244052612e-05,9.543735289205268e-06,1.1030061143929571e-05,5.595858356662896e-06,9.897663197477868e-06,9.331228134887293e-06,yes,measured,no
basis_1_to_basis_0,two_level,qutip_cpu,adaptive Adams,qutip_cpu,adaptive Adams,,,,analytic,,64,6.0,6.005865102639296,2048,81920,341,13640,0.016162950545549393,1054.9324578000233,227.64886990003288,nan,nan,nan,4.6353512370309655,0.21579473474043662,9.981955223403297e-11,9.990973537850701e-06,2.010598184538034e-05,1.803481156015252e-05,1.5358485669858535e-05,1.619836581602808e-05,9.340334914014448e-06,1.5922398203638277e-05,1.546846808742064e-05,yes,measured,no
basis_1_to_basis_0,two_level,qutip_cpu,adaptive Adams,qutip_cpu,adaptive Adams,,,,analytic,,64,8.0,8.0,2048,81920,256,10240,0.021529555320739746,1054.9324578000233,184.35842930013314,nan,nan,nan,5.723809183587228,0.1747585145731489,1.8735028778885573e-10,1.3687596128935706e-05,2.7545119425317005e-05,2.3599495976855955e-05,2.1294165600857506e-05,2.1897451579375172e-05,1.3051111275167089e-05,2.2270914435740252e-05,2.1609818281786988e-05,yes,measured,no
basis_1_to_basis_0,two_level,qutip_cpu,adaptive Adams,qutip_cpu,adaptive Adams,,,,analytic,,64,10.0,9.990243902439024,2048,81920,205,8200,0.026885688304901123,1054.9324578000233,163.30596289993264,nan,nan,nan,6.461689775200818,0.1548022924998384,3.024748251830384e-10,1.7391803390765386e-05,3.499952050802624e-05,2.9389170891902516e-05,2.7249092272627062e-05,2.7878515450185938e-05,1.676380937315751e-05,2.8604749776339755e-05,2.7751963055638874e-05,yes,measured,no
basis_1_to_basis_0,two_level,qutip_cpu,adaptive Adams,qutip_cpu,adaptive Adams,,,,analytic,,64,12.0,11.976608187134502,2048,81920,171,6840,0.03223137930035591,1054.9324578000233,145.56809430010617,nan,nan,nan,7.249064266269296,0.13798807044355874,4.442782384786561e-10,2.1077908778592247e-05,4.241749311370176e-05,3.486978278227637e-05,3.321447591518589e-05,3.39142330517378e-05,2.0455736688849497e-05,3.492002461596977e-05,3.386102019189153e-05,yes,measured,no
basis_1_to_basis_0,two_level,qutip_cpu,adaptive Adams,qutip_cpu,adaptive Adams,,,,analytic,,64,14.0,14.027397260273972,2048,81920,146,5840,0.037750452756881714,1054.9324578000233,147.30256400001235,nan,nan,nan,7.163707419917893,0.13963222281282348,6.197304136129193e-10,2.4894385182464726e-05,5.009782626630961e-05,4.136973079360562e-05,3.937942062320898e-05,4.020710962766294e-05,2.4276388405018393e-05,4.141997262729902e-05,4.02090332343924e-05,yes,measured,no
basis_1_to_basis_0,two_level,qutip_cpu,adaptive Adams,qutip_cpu,adaptive Adams,,,,analytic,,64,16.0,16.0,2048,81920,128,5120,0.04305911064147949,1054.9324578000233,136.75597440009005,nan,nan,nan,7.716170904626481,0.12963481537508442,8.163233706949796e-10,2.8571373272822914e-05,5.7497451088689576e-05,4.765571400400237e-05,4.529149520897391e-05,4.628558435844643e-05,2.7956291236155504e-05,4.770595583769577e-05,4.6283928862903006e-05,yes,measured,no
basis_1_to_basis_0,two_level,qutip_cpu,adaptive Adams,qutip_cpu,adaptive Adams,,,,analytic,,64,20.0,20.07843137254902,2048,81920,102,4080,0.05403495952486992,1054.9324578000233,117.13124370016158,nan,nan,nan,9.008975209048883,0.11103198392855346,1.307746416111022e-09,3.616277666483897e-05,7.277450273962093e-05,6.0605253533962955e-05,5.758762596327904e-05,5.885902721246007e-05,3.5551308693196146e-05,6.0655495367656354e-05,5.887834167789263e-05,yes,measured,no
basis_1_to_basis_0,two_level,qutip_cpu,adaptive Adams,qutip_cpu,adaptive Adams,,,,analytic,,64,24.0,24.094117647058823,2048,81920,85,3400,0.06484195590019226,1054.9324578000233,109.70774580002762,nan,nan,nan,9.618577640117305,0.10399504251562636,1.9042641387527395e-09,4.363787504854859e-05,8.781750048412597e-05,7.337854347544415e-05,6.965178184452359e-05,7.122995530421118e-05,4.3029097001318874e-05,7.342878530913755e-05,7.128024968321434e-05,yes,measured,no
basis_1_to_basis_0,two_level,qutip_cpu,adaptive Adams,qutip_cpu,adaptive Adams,,,,analytic,,64,32.0,32.0,2048,81920,64,2560,0.08611822128295898,1054.9324578000233,109.67625480005518,nan,nan,nan,9.621339392228116,0.10396519131544799,3.4081425388178025e-09,5.837929888939916e-05,0.00011748335827028915,9.853909405554973e-05,9.35347285909438e-05,9.562522254135121e-05,5.777362211697889e-05,9.858933588924312e-05,9.563728326412169e-05,yes,measured,no
basis_1_to_basis_0,two_level,qutip_cpu,adaptive Adams,qutip_cpu,adaptive Adams,,,,analytic,,64,48.0,47.627906976744185,2048,81920,43,1720,0.12817595899105072,1054.9324578000233,82.70618090010248,nan,nan,nan,12.758810275309319,0.07839950348345483,7.656813729989872e-09,8.750322125493365e-05,0.00017609276726624892,0.0001482235245175434,0.00014062414304957804,0.0001438500958218847,8.690045630508249e-05,0.0001482737663512368,0.00014383713527894027,yes,measured,no
basis_1_to_basis_0,two_level,qutip_cpu,adaptive Adams,qutip_cpu,adaptive Adams,,,,analytic,,64,64.0,64.0,2048,81920,32,1280,0.17223644256591797,1054.9324578000233,80.8931507000234,nan,nan,nan,13.044769075850986,0.07668088141748862,1.3925052325373472e-08,0.00011800445892157411,0.0002374739057973225,0.00020027537296823938,0.00018995037616532928,0.00019438572356634542,0.00011740336675524888,0.00020032561480193278,0.00019437804918490397,yes,measured,yes
