relaxation_operator,problem,comparison_output,acceptable_rms_limit,acceptable_max_abs_limit,gqis_preparation_time_s,reference_solver,reference_numerical_method,target_solver,target_numerical_method,gqis_solver,gqis_solver_frequency,gqis_unroll,qutip_drive_mode,julia_time_precision,grid_side_dimension,requested_step_count_divider,actual_step_count_divider,reference_steps_per_period,reference_total_steps,target_steps_per_period,target_total_steps,target_dt,reference_calculation_time_s,target_calculation_time_s,julia_total_time_s,julia_gpu_calculation_time_s,julia_precalculation_time_s,target_speedup_vs_divider_1,target_time_over_reference,mse,rms,normalized_rms,max_abs,p95_abs,p99_abs,rms_vs_target_divider_1,max_abs_vs_target_divider_1,p99_abs_vs_target_divider_1,acceptable,status,fastest_acceptable
basis_1_to_basis_0,two_level,mean,0.001,0.01,0.20263195037841797,gqis_rk4,fixed-step classical RK4,gqis_rk4,fixed-step classical RK4,rk4,,False,analytic,,2048,1.0,1.0,4096,163840,2048,81920,0.0026911944150924683,5.6859495639801025,2.7345163822174072,nan,nan,nan,1.0,0.4809251913770539,8.712031138718596e-11,9.333826192252884e-06,1.876879622669181e-05,0.00021731853485107422,1.9818544387817383e-05,3.844499588012695e-05,0.0,0.0,0.0,yes,measured,no
basis_1_to_basis_0,two_level,mean,0.001,0.01,0.20263195037841797,gqis_rk4,fixed-step classical RK4,gqis_rk4,fixed-step classical RK4,rk4,,False,analytic,,2048,2.0,2.0,4096,163840,1024,40960,0.0053823888301849365,5.6859495639801025,1.405843734741211,nan,nan,nan,1.945106923793902,0.24724871702117873,7.820663948385771e-11,8.843451785578847e-06,1.7782733584847348e-05,0.00019910931587219238,1.8805265426635742e-05,3.507733345031738e-05,4.30241354196015e-06,7.769465446472168e-05,1.5735626220703125e-05,yes,measured,no
basis_1_to_basis_0,two_level,mean,0.001,0.01,0.20263195037841797,gqis_rk4,fixed-step classical RK4,gqis_rk4,fixed-step classical RK4,rk4,,False,analytic,,2048,3.0,2.998535871156662,4096,163840,683,27320,0.008069642819464207,5.6859495639801025,0.9637160301208496,nan,nan,nan,2.837471098072842,0.1694907806122464,1.429801615945707e-10,1.1957431228929175e-05,2.404443638737646e-05,0.00020262598991394043,2.568960189819336e-05,4.4673681259155273e-05,8.805002575769406e-06,0.00011357665061950684,3.503262996673584e-05,yes,measured,no
basis_1_to_basis_0,two_level,mean,0.001,0.01,0.20263195037841797,gqis_rk4,fixed-step classical RK4,gqis_rk4,fixed-step classical RK4,rk4,,False,analytic,,2048,4.0,4.0,4096,163840,512,20480,0.010764777660369873,5.6859495639801025,0.7255127429962158,nan,nan,nan,3.769081120373471,0.12759746368350916,6.845224379295791e-10,2.6163379711527696e-05,5.261027281767942e-05,0.00036087632179260254,4.902482032775879e-05,0.0001163780689239502,2.4662989144062622e-05,0.00035250186920166016,0.00011533498764038086,yes,measured,no
basis_1_to_basis_0,two_level,mean,0.001,0.01,0.20263195037841797,gqis_rk4,fixed-step classical RK4,gqis_rk4,fixed-step classical RK4,rk4,,False,analytic,,2048,6.0,6.005865102639296,4096,163840,341,13640,0.016162950545549393,5.6859495639801025,0.4886505603790283,nan,nan,nan,5.596056986195499,0.08594000964668745,1.738098623311574e-08,0.0001318369683856381,0.0002651025574944423,0.0017815232276916504,0.00025206804275512695,0.0006525814533233643,0.0001313001848145437,0.0017735064029693604,0.0006512548029422721,yes,measured,no
basis_1_to_basis_0,two_level,mean,0.001,0.01,0.20263195037841797,gqis_rk4,fixed-step classical RK4,gqis_rk4,fixed-step classical RK4,rk4,,False,analytic,,2048,8.0,8.0,4096,163840,256,10240,0.021529555320739746,5.6859495639801025,0.3742210865020752,nan,nan,nan,7.307221535209356,0.06581505556657181,2.1131843001356786e-07,0.00045969384378471707,0.000924369053263628,0.005561560392379761,0.0009209938347339575,0.002307145893573753,0.0004593149629573024,0.005559355020523071,0.0023059844970703125,yes,measured,yes
basis_1_to_basis_0,two_level,mean,0.001,0.01,0.20263195037841797,gqis_rk4,fixed-step classical RK4,gqis_rk4,fixed-step classical RK4,rk4,,False,analytic,,2048,10.0,9.990243902439024,4096,163840,205,8200,0.026885688304901123,5.6859495639801025,0.3022806644439697,nan,nan,nan,9.046282822116375,0.0531627410765101,1.5369644081477906e-06,0.0012397436864722445,0.0024929215677958745,0.013364344835281372,0.0025613870471715844,0.006234169006347656,0.0012393975300057048,0.013356626033782959,0.006233214437961571,no,measured,no
basis_1_to_basis_0,two_level,mean,0.001,0.01,0.20263195037841797,gqis_rk4,fixed-step classical RK4,gqis_rk4,fixed-step classical RK4,rk4,,False,analytic,,2048,12.0,11.976608187134502,4096,163840,171,6840,0.03223137930035591,5.6859495639801025,0.26073718070983887,nan,nan,nan,10.487635000013716,0.04585640054944942,7.70789197250981e-06,0.002776309055654613,0.005582702940317279,0.02709445357322693,0.005890275537967671,0.01383819907903669,0.0027759690971952715,0.027089327573776245,0.013836108446121154,no,measured,no
basis_1_to_basis_0,two_level,mean,0.001,0.01,0.20263195037841797,gqis_rk4,fixed-step classical RK4,gqis_rk4,fixed-step classical RK4,rk4,,False,analytic,,2048,14.0,14.027397260273972,4096,163840,146,5840,0.037750452756881714,5.6859495639801025,0.2273697853088379,nan,nan,nan,12.026735999698005,0.03998800600504826,2.984769143054879e-05,0.0054633040763395905,0.010985809979875224,0.04762712121009827,0.011922293901443393,0.02684169381856913,0.00546296294812703,0.04761919379234314,0.02684062540531157,no,measured,no
basis_1_to_basis_0,two_level,mean,0.001,0.01,0.20263195037841797,gqis_rk4,fixed-step classical RK4,gqis_rk4,fixed-step classical RK4,rk4,,False,analytic,,2048,16.0,16.0,4096,163840,128,5120,0.04305911064147949,5.6859495639801025,0.2163228988647461,nan,nan,nan,12.640901155485802,0.038045166674556714,8.529990209122913e-05,0.009235794610710502,0.018571670767115925,0.07386882603168488,0.02082242667675016,0.044517457485198975,0.009235449625512865,0.0738620012998581,0.044517068266868576,no,measured,no
basis_1_to_basis_0,two_level,mean,0.001,0.01,0.20263195037841797,gqis_rk4,fixed-step classical RK4,gqis_rk4,fixed-step classical RK4,rk4,,False,analytic,,2048,20.0,20.07843137254902,4096,163840,102,4080,0.05403495952486992,5.6859495639801025,0.16099095344543457,nan,nan,nan,16.985528215684678,0.02831382016915793,0.00040326243797539883,0.020081395319434325,0.04038039802058208,0.13506831228733063,0.04851929992437359,0.09034493520855903,0.020081039691809095,0.13506433367729187,0.0903442773222923,no,measured,no
basis_1_to_basis_0,two_level,mean,0.001,0.01,0.20263195037841797,gqis_rk4,fixed-step classical RK4,gqis_rk4,fixed-step classical RK4,rk4,,False,analytic,,2048,24.0,24.094117647058823,4096,163840,85,3400,0.06484195590019226,5.6859495639801025,0.13710808753967285,nan,nan,nan,19.944238383648685,0.024113489927564305,0.0010583946218133715,0.03253297745078632,0.06541849096442065,0.19197224080562592,0.0823783263564109,0.13829351022839537,0.03253261173457129,0.19197463989257812,0.1382915563881396,no,measured,no
basis_1_to_basis_0,two_level,mean,0.001,0.01,0.20263195037841797,gqis_rk4,fixed-step classical RK4,gqis_rk4,fixed-step classical RK4,rk4,,False,analytic,,2048,32.0,32.0,4096,163840,64,2560,0.08611822128295898,5.6859495639801025,0.10370373725891113,nan,nan,nan,26.368542296506615,0.018238596050141474,0.0029193376248813105,0.054030895096058795,0.10864728345224517,0.2531791478395462,0.13765856325626358,0.20015084549784634,0.054030511819561394,0.25317707657814026,0.2001501882076263,no,measured,no
basis_1_to_basis_0,two_level,mean,0.001,0.01,0.20263195037841797,gqis_rk4,fixed-step classical RK4,gqis_rk4,fixed-step classical RK4,rk4,,False,analytic,,2048,48.0,47.627906976744185,4096,163840,43,1720,0.12817595899105072,5.6859495639801025,0.07625365257263184,nan,nan,nan,35.86079210583089,0.013410891481642885,0.006262692831077324,0.07913717730041503,0.15913190626368034,0.2669841796159744,0.19105179756879803,0.23267210707068442,0.07913677057129556,0.26698361337184906,0.23267261512577525,no,measured,no
basis_1_to_basis_0,two_level,mean,0.001,0.01,0.20263195037841797,gqis_rk4,fixed-step classical RK4,gqis_rk4,fixed-step classical RK4,rk4,,False,analytic,,2048,64.0,64.0,4096,163840,32,1280,0.17223644256591797,5.6859495639801025,0.06166791915893555,nan,nan,nan,44.34260827205456,0.010845667634759791,nan,nan,nan,nan,nan,nan,nan,nan,nan,no,non-finite,no
basis_1_to_basis_0,two_level,mean,0.001,0.01,0.20263195037841797,gqis_rk4,fixed-step classical RK4,gqis_ab5,fixed-step fifth-order Adams-Bashforth,ab5,,False,analytic,,2048,1.0,1.0,4096,163840,2048,81920,0.0026911944150924683,5.6859495639801025,1.9804444313049316,nan,nan,nan,1.0,0.3483049592720344,8.779770817668587e-11,9.37004312565774e-06,1.8841622549898427e-05,0.00021731853485107422,1.9848346710205078e-05,3.844499588012695e-05,0.0,0.0,0.0,yes,measured,no
basis_1_to_basis_0,two_level,mean,0.001,0.01,0.20263195037841797,gqis_rk4,fixed-step classical RK4,gqis_ab5,fixed-step fifth-order Adams-Bashforth,ab5,,False,analytic,,2048,2.0,2.0,4096,163840,1024,40960,0.0053823888301849365,5.6859495639801025,1.0031015872955322,nan,nan,nan,1.9743209026758883,0.17641760202202217,3.6530965851931526e-10,1.9113075590268438e-05,3.8433265590144864e-05,0.00019910931587219238,3.796815872192383e-05,8.77678394317627e-05,1.725324938288726e-05,0.00017327070236206055,8.568167686462402e-05,yes,measured,no
basis_1_to_basis_0,two_level,mean,0.001,0.01,0.20263195037841797,gqis_rk4,fixed-step classical RK4,gqis_ab5,fixed-step fifth-order Adams-Bashforth,ab5,,False,analytic,,2048,3.0,2.998535871156662,4096,163840,683,27320,0.008069642819464207,5.6859495639801025,0.6717073917388916,nan,nan,nan,2.948373734846105,0.11813460252867664,1.735306730784007e-08,0.00013173104154997055,0.0002648895559715264,0.0013251900672912598,0.00025910139083862305,0.0006639063358306885,0.00013126833993635045,0.0013149678707122803,0.0006625354290008545,yes,measured,no
basis_1_to_basis_0,two_level,mean,0.001,0.01,0.20263195037841797,gqis_rk4,fixed-step classical RK4,gqis_ab5,fixed-step fifth-order Adams-Bashforth,ab5,,False,analytic,,2048,4.0,4.0,4096,163840,512,20480,0.010764777660369873,5.6859495639801025,0.5031082630157471,nan,nan,nan,3.936418017533027,0.088482716449489,2.982603026388197e-07,0.0005461321292863291,0.0010981822926949467,0.005473315715789795,0.0010748803615570068,0.002750784158706665,0.000545868723718934,0.0054648518562316895,0.002749382555484764,yes,measured,yes
basis_1_to_basis_0,two_level,mean,0.001,0.01,0.20263195037841797,gqis_rk4,fixed-step classical RK4,gqis_ab5,fixed-step fifth-order Adams-Bashforth,ab5,,False,analytic,,2048,6.0,6.005865102639296,4096,163840,341,13640,0.016162950545549393,5.6859495639801025,0.3430042266845703,nan,nan,nan,5.773819321259168,0.060324880272851225,1.6066531116352678e-05,0.00400830776218003,0.008060050621541056,0.045486778020858765,0.007793677598237986,0.020323289185762386,0.0040081492077103905,0.045477211475372314,0.02032284304499625,no,measured,no
basis_1_to_basis_0,two_level,mean,0.001,0.01,0.20263195037841797,gqis_rk4,fixed-step classical RK4,gqis_ab5,fixed-step fifth-order Adams-Bashforth,ab5,,False,analytic,,2048,8.0,8.0,4096,163840,256,10240,0.021529555320739746,5.6859495639801025,0.26093006134033203,nan,nan,nan,7.589943531733704,0.04589032287470447,nan,nan,nan,nan,nan,nan,nan,nan,nan,no,non-finite,no
basis_1_to_basis_0,two_level,mean,0.001,0.01,0.20263195037841797,gqis_rk4,fixed-step classical RK4,gqis_ab5,fixed-step fifth-order Adams-Bashforth,ab5,,False,analytic,,2048,10.0,9.990243902439024,4096,163840,205,8200,0.026885688304901123,5.6859495639801025,0.2111351490020752,nan,nan,nan,9.379984529650562,0.037132786111856206,nan,nan,nan,nan,nan,nan,nan,nan,nan,no,non-finite,no
basis_1_to_basis_0,two_level,mean,0.001,0.01,0.20263195037841797,gqis_rk4,fixed-step classical RK4,gqis_ab5,fixed-step fifth-order Adams-Bashforth,ab5,,False,analytic,,2048,12.0,11.976608187134502,4096,163840,171,6840,0.03223137930035591,5.6859495639801025,0.17724180221557617,nan,nan,nan,11.173687056601642,0.03117189138264337,nan,nan,nan,nan,nan,nan,nan,nan,nan,no,non-finite,no
basis_1_to_basis_0,two_level,mean,0.001,0.01,0.20263195037841797,gqis_rk4,fixed-step classical RK4,gqis_ab5,fixed-step fifth-order Adams-Bashforth,ab5,,False,analytic,,2048,14.0,14.027397260273972,4096,163840,146,5840,0.037750452756881714,5.6859495639801025,0.15329432487487793,nan,nan,nan,12.919228633684986,0.02696019779105701,nan,nan,nan,nan,nan,nan,nan,nan,nan,no,non-finite,no
basis_1_to_basis_0,two_level,mean,0.001,0.01,0.20263195037841797,gqis_rk4,fixed-step classical RK4,gqis_ab5,fixed-step fifth-order Adams-Bashforth,ab5,,False,analytic,,2048,16.0,16.0,4096,163840,128,5120,0.04305911064147949,5.6859495639801025,0.13699793815612793,nan,nan,nan,14.456016331048309,0.02409411772204164,nan,nan,nan,nan,nan,nan,nan,nan,nan,no,non-finite,no
basis_1_to_basis_0,two_level,mean,0.001,0.01,0.20263195037841797,gqis_rk4,fixed-step classical RK4,gqis_ab5,fixed-step fifth-order Adams-Bashforth,ab5,,False,analytic,,2048,20.0,20.07843137254902,4096,163840,102,4080,0.05403495952486992,5.6859495639801025,0.1162574291229248,nan,nan,nan,17.034992483885986,0.02044644044319413,nan,nan,nan,nan,nan,nan,nan,nan,nan,no,non-finite,no
basis_1_to_basis_0,two_level,mean,0.001,0.01,0.20263195037841797,gqis_rk4,fixed-step classical RK4,gqis_ab5,fixed-step fifth-order Adams-Bashforth,ab5,,False,analytic,,2048,24.0,24.094117647058823,4096,163840,85,3400,0.06484195590019226,5.6859495639801025,0.09792232513427734,nan,nan,nan,20.224646714518062,0.017221806847286344,nan,nan,nan,nan,nan,nan,nan,nan,nan,no,non-finite,no
basis_1_to_basis_0,two_level,mean,0.001,0.01,0.20263195037841797,gqis_rk4,fixed-step classical RK4,gqis_ab5,fixed-step fifth-order Adams-Bashforth,ab5,,False,analytic,,2048,32.0,32.0,4096,163840,64,2560,0.08611822128295898,5.6859495639801025,0.07834148406982422,nan,nan,nan,25.279638939949116,0.013778082831777009,nan,nan,nan,nan,nan,nan,nan,nan,nan,no,non-finite,no
basis_1_to_basis_0,two_level,mean,0.001,0.01,0.20263195037841797,gqis_rk4,fixed-step classical RK4,gqis_ab5,fixed-step fifth-order Adams-Bashforth,ab5,,False,analytic,,2048,48.0,47.627906976744185,4096,163840,43,1720,0.12817595899105072,5.6859495639801025,0.056078195571899414,nan,nan,nan,35.31576597834267,0.009862591101255792,nan,nan,nan,nan,nan,nan,nan,nan,nan,no,non-finite,no
basis_1_to_basis_0,two_level,mean,0.001,0.01,0.20263195037841797,gqis_rk4,fixed-step classical RK4,gqis_ab5,fixed-step fifth-order Adams-Bashforth,ab5,,False,analytic,,2048,64.0,64.0,4096,163840,32,1280,0.17223644256591797,5.6859495639801025,0.04555940628051758,nan,nan,nan,43.46949604898216,0.008012629336202991,nan,nan,nan,nan,nan,nan,nan,nan,nan,no,non-finite,no
basis_1_to_basis_0,two_level,mean,0.001,0.01,0.20263195037841797,gqis_rk4,fixed-step classical RK4,gqis_anas5,fixed-step frequency-fitted Anas5(w),anas5,1.14,False,analytic,,2048,1.0,1.0,4096,163840,2048,81920,0.0026911944150924683,5.6859495639801025,6.844977617263794,nan,nan,nan,1.0,1.2038407200489454,9.131436336229434e-11,9.55585492576642e-06,1.9215259656581346e-05,0.00021719932556152344,1.9848346710205078e-05,3.844499588012695e-05,0.0,0.0,0.0,yes,measured,no
basis_1_to_basis_0,two_level,mean,0.001,0.01,0.20263195037841797,gqis_rk4,fixed-step classical RK4,gqis_anas5,fixed-step frequency-fitted Anas5(w),anas5,1.14,False,analytic,,2048,2.0,2.0,4096,163840,1024,40960,0.0053823888301849365,5.6859495639801025,3.4304800033569336,nan,nan,nan,1.9953410632230961,0.6033257883764335,7.780567405729951e-11,8.820752465481588e-06,1.7737088968736593e-05,0.00019910931587219238,1.8537044525146484e-05,3.504753112792969e-05,4.824601865012371e-06,7.832050323486328e-05,1.52587890625e-05,yes,measured,no
basis_1_to_basis_0,two_level,mean,0.001,0.01,0.20263195037841797,gqis_rk4,fixed-step classical RK4,gqis_anas5,fixed-step frequency-fitted Anas5(w),anas5,1.14,False,analytic,,2048,3.0,2.998535871156662,4096,163840,683,27320,0.008069642819464207,5.6859495639801025,2.2899842262268066,nan,nan,nan,2.989093784520177,0.402744379009905,8.90098449546454e-11,9.434502899180507e-06,1.8971240600325774e-05,0.00020262598991394043,1.9878149032592773e-05,3.600120544433594e-05,5.495896021887853e-06,6.669759750366211e-05,1.6123056411743164e-05,yes,measured,no
basis_1_to_basis_0,two_level,mean,0.001,0.01,0.20263195037841797,gqis_rk4,fixed-step classical RK4,gqis_anas5,fixed-step frequency-fitted Anas5(w),anas5,1.14,False,analytic,,2048,4.0,4.0,4096,163840,512,20480,0.010764777660369873,5.6859495639801025,1.7239995002746582,nan,nan,nan,3.970405801262291,0.30320344577025715,1.0959044962491616e-10,1.0468545726361238e-05,2.1050531419897274e-05,0.00020518898963928223,2.193450927734375e-05,3.7997961044311523e-05,6.88991301158814e-06,6.783008575439453e-05,1.8775463104248047e-05,yes,measured,no
basis_1_to_basis_0,two_level,mean,0.001,0.01,0.20263195037841797,gqis_rk4,fixed-step classical RK4,gqis_anas5,fixed-step frequency-fitted Anas5(w),anas5,1.14,False,analytic,,2048,6.0,6.005865102639296,4096,163840,341,13640,0.016162950545549393,5.6859495639801025,1.1567749977111816,nan,nan,nan,5.917293882394938,0.20344447039052732,1.7180272666303133e-10,1.310735391538015e-05,2.6356742630700563e-05,0.00020822882652282715,2.6851892471313477e-05,4.309415817260742e-05,1.0121814533984043e-05,7.396936416625977e-05,2.4557113647460938e-05,yes,measured,no
basis_1_to_basis_0,two_level,mean,0.001,0.01,0.20263195037841797,gqis_rk4,fixed-step classical RK4,gqis_anas5,fixed-step frequency-fitted Anas5(w),anas5,1.14,False,analytic,,2048,8.0,8.0,4096,163840,256,10240,0.021529555320739746,5.6859495639801025,0.8697502613067627,nan,nan,nan,7.87004950936089,0.1529648217100869,2.550000142753782e-10,1.5968719869650737e-05,3.211048106759936e-05,0.00021395087242126465,3.2275915145874023e-05,4.869699478149414e-05,1.339006748043689e-05,7.963180541992188e-05,3.075599670410156e-05,yes,measured,no
basis_1_to_basis_0,two_level,mean,0.001,0.01,0.20263195037841797,gqis_rk4,fixed-step classical RK4,gqis_anas5,fixed-step frequency-fitted Anas5(w),anas5,1.14,False,analytic,,2048,10.0,9.990243902439024,4096,163840,205,8200,0.026885688304901123,5.6859495639801025,0.699641227722168,nan,nan,nan,9.783553835941152,0.12304738546298795,3.7247426742436415e-10,1.9299592416016565e-05,3.880832038795346e-05,0.00022110342979431152,3.904104232788086e-05,5.653500556945801e-05,1.711747484927722e-05,9.876489639282227e-05,4.07099723815918e-05,yes,measured,no
basis_1_to_basis_0,two_level,mean,0.001,0.01,0.20263195037841797,gqis_rk4,fixed-step classical RK4,gqis_anas5,fixed-step frequency-fitted Anas5(w),anas5,1.14,False,analytic,,2048,12.0,11.976608187134502,4096,163840,171,6840,0.03223137930035591,5.6859495639801025,0.5857467651367188,nan,nan,nan,11.685899137088896,0.10301652495255383,9.362761719500128e-10,3.059863022996312e-05,6.152883541786334e-05,0.00026738643646240234,5.480647087097168e-05,0.0001195073127746582,2.9325672895158174e-05,0.00026667118072509766,0.00012010335922241211,yes,measured,no
basis_1_to_basis_0,two_level,mean,0.001,0.01,0.20263195037841797,gqis_rk4,fixed-step classical RK4,gqis_anas5,fixed-step frequency-fitted Anas5(w),anas5,1.14,False,analytic,,2048,14.0,14.027397260273972,4096,163840,146,5840,0.037750452756881714,5.6859495639801025,0.4997251033782959,nan,nan,nan,13.697486019792949,0.08788771299415006,5.644333764756363e-09,7.512878120105745e-05,0.00015107167801053884,0.000820457935333252,0.00011372566223144531,0.00037929415702819824,7.475713637345843e-05,0.0008156001567840576,0.0003803372383117676,yes,measured,no
basis_1_to_basis_0,two_level,mean,0.001,0.01,0.20263195037841797,gqis_rk4,fixed-step classical RK4,gqis_anas5,fixed-step frequency-fitted Anas5(w),anas5,1.14,False,analytic,,2048,16.0,16.0,4096,163840,128,5120,0.04305911064147949,5.6859495639801025,0.4472541809082031,nan,nan,nan,15.304446351656788,0.0786595406581711,3.346318169896907e-08,0.00018292944459263267,0.00036784116167394896,0.0020538270473480225,0.00030009336769580564,0.0009522131085395735,0.00018292567981192164,0.0020492374897003174,0.0009529590606689453,yes,measured,yes
basis_1_to_basis_0,two_level,mean,0.001,0.01,0.20263195037841797,gqis_rk4,fixed-step classical RK4,gqis_anas5,fixed-step frequency-fitted Anas5(w),anas5,1.14,False,analytic,,2048,20.0,20.07843137254902,4096,163840,102,4080,0.05403495952486992,5.6859495639801025,0.3590126037597656,nan,nan,nan,19.066120647519472,0.06314030747547833,7.635390406980659e-07,0.0008738072102575406,0.0017570832296352544,0.010009765625,0.0014780141413211767,0.004518657475709911,0.0008740146751774602,0.010013967752456665,0.004520237445831299,no,measured,no
basis_1_to_basis_0,two_level,mean,0.001,0.01,0.20263195037841797,gqis_rk4,fixed-step classical RK4,gqis_anas5,fixed-step frequency-fitted Anas5(w),anas5,1.14,False,analytic,,2048,24.0,24.094117647058823,4096,163840,85,3400,0.06484195590019226,5.6859495639801025,0.29990553855895996,nan,nan,nan,22.823778614272257,0.05274502265353007,9.84441572298254e-06,0.003137581189863067,0.006309162050405325,0.03787156939506531,0.005162864923477173,0.016112832874059665,0.0031378281302614627,0.0378742516040802,0.016114412844181053,no,measured,no
basis_1_to_basis_0,two_level,mean,0.001,0.01,0.20263195037841797,gqis_rk4,fixed-step classical RK4,gqis_anas5,fixed-step frequency-fitted Anas5(w),anas5,1.14,False,analytic,,2048,32.0,32.0,4096,163840,64,2560,0.08611822128295898,5.6859495639801025,0.2311539649963379,nan,nan,nan,29.612200757067857,0.04065353770646756,0.001071813955577843,0.032738569846250815,0.06583190360964788,1.178283452987671,0.040593247115611686,0.1717830824106928,0.032738780030368335,1.1782829761505127,0.17178616829216442,no,measured,no
basis_1_to_basis_0,two_level,mean,0.001,0.01,0.20263195037841797,gqis_rk4,fixed-step classical RK4,gqis_anas5,fixed-step frequency-fitted Anas5(w),anas5,1.14,False,analytic,,2048,48.0,47.627906976744185,4096,163840,43,1720,0.12817595899105072,5.6859495639801025,0.1631181240081787,nan,nan,nan,41.96331743565533,0.028687930164121578,2.472899617766218e+47,4.9728257739098584e+23,9.999538420677119e+23,2.028141112242052e+26,9079043.476154765,3.85925928348071e+16,4.9728257739098584e+23,2.028141112242052e+26,3.85925928348071e+16,no,measured,no
basis_1_to_basis_0,two_level,mean,0.001,0.01,0.20263195037841797,gqis_rk4,fixed-step classical RK4,gqis_anas5,fixed-step frequency-fitted Anas5(w),anas5,1.14,False,analytic,,2048,64.0,64.0,4096,163840,32,1280,0.17223644256591797,5.6859495639801025,0.12498259544372559,nan,nan,nan,54.76744656295604,0.021980953935201483,nan,nan,nan,nan,nan,nan,nan,nan,nan,no,non-finite,no
basis_1_to_basis_0,two_level,mean,0.001,0.01,0.20263195037841797,gqis_rk4,fixed-step classical RK4,gqis_tsit5,fixed-step Tsitouras fifth-order formula,tsit5,,False,analytic,,2048,1.0,1.0,4096,163840,2048,81920,0.0026911944150924683,5.6859495639801025,6.691874742507935,nan,nan,nan,1.0,1.1769141929960587,9.315006782887933e-11,9.651428279217503e-06,1.9407442021956207e-05,0.00021719932556152344,1.9878149032592773e-05,3.847479820251465e-05,0.0,0.0,0.0,yes,measured,no
basis_1_to_basis_0,two_level,mean,0.001,0.01,0.20263195037841797,gqis_rk4,fixed-step classical RK4,gqis_tsit5,fixed-step Tsitouras fifth-order formula,tsit5,,False,analytic,,2048,2.0,2.0,4096,163840,1024,40960,0.0053823888301849365,5.6859495639801025,3.360013008117676,nan,nan,nan,1.991621677160355,0.590932608583623,7.70207382562282e-11,8.776145979655774e-06,1.7647392629249536e-05,0.0001990795135498047,1.8477439880371094e-05,3.504753112792969e-05,5.05732401836666e-06,7.867813110351562e-05,1.560893841087794e-05,yes,measured,no
basis_1_to_basis_0,two_level,mean,0.001,0.01,0.20263195037841797,gqis_rk4,fixed-step classical RK4,gqis_tsit5,fixed-step Tsitouras fifth-order formula,tsit5,,False,analytic,,2048,3.0,2.998535871156662,4096,163840,683,27320,0.008069642819464207,5.6859495639801025,2.247591257095337,nan,nan,nan,2.977353965665512,0.39528863768570743,8.642747137410993e-11,9.296637638098515e-06,1.869401613324332e-05,0.00020271539688110352,1.9758939743041992e-05,3.597140312194824e-05,5.617852027231083e-06,6.657838821411133e-05,1.627206802368164e-05,yes,measured,no
basis_1_to_basis_0,two_level,mean,0.001,0.01,0.20263195037841797,gqis_rk4,fixed-step classical RK4,gqis_tsit5,fixed-step Tsitouras fifth-order formula,tsit5,,False,analytic,,2048,4.0,4.0,4096,163840,512,20480,0.010764777660369873,5.6859495639801025,1.6830685138702393,nan,nan,nan,3.975996631961153,0.29600482644663306,1.0180784913324812e-10,1.0089987568537838e-05,2.02893129465946e-05,0.00020512938499450684,2.16066837310791e-05,3.793835639953613e-05,6.6657249589259795e-06,6.74128532409668e-05,1.8775463104248047e-05,yes,measured,no
basis_1_to_basis_0,two_level,mean,0.001,0.01,0.20263195037841797,gqis_rk4,fixed-step classical RK4,gqis_tsit5,fixed-step Tsitouras fifth-order formula,tsit5,,False,analytic,,2048,6.0,6.005865102639296,4096,163840,341,13640,0.016162950545549393,5.6859495639801025,1.1270835399627686,nan,nan,nan,5.937336945519576,0.19822257079146907,1.6408373121939966e-10,1.280951721258064e-05,2.5757841786766534e-05,0.00020816922187805176,2.676248550415039e-05,4.3064355850219727e-05,1.000503145944387e-05,7.390975952148438e-05,2.467632293701172e-05,yes,measured,no
basis_1_to_basis_0,two_level,mean,0.001,0.01,0.20263195037841797,gqis_rk4,fixed-step classical RK4,gqis_tsit5,fixed-step Tsitouras fifth-order formula,tsit5,,False,analytic,,2048,8.0,8.0,4096,163840,256,10240,0.021529555320739746,5.6859495639801025,0.8485066890716553,nan,nan,nan,7.886649367289566,0.14922866963978307,2.3639844110667875e-10,1.5375254180229955e-05,3.091711873549199e-05,0.00021409988403320312,3.2007694244384766e-05,4.863739013671875e-05,1.290695346588978e-05,7.94827938079834e-05,3.078579902648926e-05,yes,measured,no
basis_1_to_basis_0,two_level,mean,0.001,0.01,0.20263195037841797,gqis_rk4,fixed-step classical RK4,gqis_tsit5,fixed-step Tsitouras fifth-order formula,tsit5,,False,analytic,,2048,10.0,9.990243902439024,4096,163840,205,8200,0.026885688304901123,5.6859495639801025,0.6857585906982422,nan,nan,nan,9.758353498268598,0.12060581666823979,3.3994154993122287e-10,1.843750389643953e-05,3.7074801526552166e-05,0.00022110342979431152,3.838539123535156e-05,5.698204040527344e-05,1.621104351249384e-05,0.00010097026824951172,3.933906555175781e-05,yes,measured,no
basis_1_to_basis_0,two_level,mean,0.001,0.01,0.20263195037841797,gqis_rk4,fixed-step classical RK4,gqis_tsit5,fixed-step Tsitouras fifth-order formula,tsit5,,False,analytic,,2048,12.0,11.976608187134502,4096,163840,171,6840,0.03223137930035591,5.6859495639801025,0.5714397430419922,nan,nan,nan,11.71055185431193,0.10050031865600838,7.053218404393048e-10,2.6557896009271983e-05,5.3403580497505e-05,0.0002764463424682617,5.036592483520508e-05,8.83936882019043e-05,2.4825582933426024e-05,0.00026482343673706055,8.308887481689453e-05,yes,measured,no
basis_1_to_basis_0,two_level,mean,0.001,0.01,0.20263195037841797,gqis_rk4,fixed-step classical RK4,gqis_tsit5,fixed-step Tsitouras fifth-order formula,tsit5,,False,analytic,,2048,14.0,14.027397260273972,4096,163840,146,5840,0.037750452756881714,5.6859495639801025,0.4921000003814697,nan,nan,nan,13.59860747270977,0.08654666997028464,3.3673570594308067e-09,5.80289329509927e-05,0.00011668668297182661,0.0006646215915679932,8.437037467956543e-05,0.00027826428413391113,5.709507691223313e-05,0.0006580054759979248,0.0002770721912384033,yes,measured,no
basis_1_to_basis_0,two_level,mean,0.001,0.01,0.20263195037841797,gqis_rk4,fixed-step classical RK4,gqis_tsit5,fixed-step Tsitouras fifth-order formula,tsit5,,False,analytic,,2048,16.0,16.0,4096,163840,128,5120,0.04305911064147949,5.6859495639801025,0.4329991340637207,nan,nan,nan,15.454706986834642,0.07615247535903678,2.0978899965853647e-08,0.00014484094713116747,0.00029125142958439515,0.0015887022018432617,0.0002225764095783178,0.0007524788379669189,0.0001443755288766344,0.001592397689819336,0.0007519125938415527,yes,measured,no
basis_1_to_basis_0,two_level,mean,0.001,0.01,0.20263195037841797,gqis_rk4,fixed-step classical RK4,gqis_tsit5,fixed-step Tsitouras fifth-order formula,tsit5,,False,analytic,,2048,20.0,20.07843137254902,4096,163840,102,4080,0.05403495952486992,5.6859495639801025,0.3485589027404785,nan,nan,nan,19.198691210852267,0.06130179292277983,5.889035925774915e-07,0.0007674005424662478,0.0015431168428823396,0.008855283260345459,0.0012465417385101318,0.004021793603897095,0.0007672572341532815,0.008847355842590332,0.004020839035511009,yes,measured,yes
basis_1_to_basis_0,two_level,mean,0.001,0.01,0.20263195037841797,gqis_rk4,fixed-step classical RK4,gqis_tsit5,fixed-step Tsitouras fifth-order formula,tsit5,,False,analytic,,2048,24.0,24.094117647058823,4096,163840,85,3400,0.06484195590019226,5.6859495639801025,0.29390549659729004,nan,nan,nan,22.768797521596394,0.051689782557895116,8.654289418363819e-06,0.0029418173665888606,0.005915513054601082,0.03583666682243347,0.0047199714928865405,0.01523062229156491,0.0029417648666982613,0.03583863377571106,0.01523066923022269,no,measured,no
basis_1_to_basis_0,two_level,mean,0.001,0.01,0.20263195037841797,gqis_rk4,fixed-step classical RK4,gqis_tsit5,fixed-step Tsitouras fifth-order formula,tsit5,,False,analytic,,2048,32.0,32.0,4096,163840,64,2560,0.08611822128295898,5.6859495639801025,0.22743630409240723,nan,nan,nan,29.423071963871827,0.03999970480448727,0.001272324943664453,0.03566966419332334,0.07172585442770292,1.6715049743652344,0.040811131894588126,0.17516504582017647,0.03566966271103419,1.671504646539688,0.1751660673320291,no,measured,no
basis_1_to_basis_0,two_level,mean,0.001,0.01,0.20263195037841797,gqis_rk4,fixed-step classical RK4,gqis_tsit5,fixed-step Tsitouras fifth-order formula,tsit5,,False,analytic,,2048,48.0,47.627906976744185,4096,163840,43,1720,0.12817595899105072,5.6859495639801025,0.15897464752197266,nan,nan,nan,42.09397439665981,0.027959208173259302,5.828883780309369e+52,2.414308136984459e+26,4.854778364002083e+26,1.0586804243055934e+29,69944304.87879299,2.7853897692438876e+18,2.414308136984459e+26,1.0586804243055934e+29,2.7853897692438876e+18,no,measured,no
basis_1_to_basis_0,two_level,mean,0.001,0.01,0.20263195037841797,gqis_rk4,fixed-step classical RK4,gqis_tsit5,fixed-step Tsitouras fifth-order formula,tsit5,,False,analytic,,2048,64.0,64.0,4096,163840,32,1280,0.17223644256591797,5.6859495639801025,0.11948728561401367,nan,nan,nan,56.00491054860066,0.021014482149288336,nan,nan,nan,nan,nan,nan,nan,nan,nan,no,non-finite,no
basis_1_to_basis_0,two_level,mean,0.001,0.01,0.20263195037841797,gqis_rk4,fixed-step classical RK4,gqis_dop853,fixed-step Dormand-Prince eighth-order DOP853 main formula,dop853,,False,analytic,,2048,1.0,1.0,4096,163840,2048,81920,0.0026911944150924683,5.6859495639801025,15.32110857963562,nan,nan,nan,1.0,2.694555835790955,9.733645087645628e-11,9.865923721398635e-06,1.9838757236417053e-05,0.00021716952323913574,2.0116567611694336e-05,3.8504600524902344e-05,0.0,0.0,0.0,yes,measured,no
basis_1_to_basis_0,two_level,mean,0.001,0.01,0.20263195037841797,gqis_rk4,fixed-step classical RK4,gqis_dop853,fixed-step Dormand-Prince eighth-order DOP853 main formula,dop853,,False,analytic,,2048,2.0,2.0,4096,163840,1024,40960,0.0053823888301849365,5.6859495639801025,7.678612470626831,nan,nan,nan,1.9952964989760587,1.3504538484249033,8.510862423483716e-11,9.225433552675839e-06,1.8550836375844857e-05,0.0001989901065826416,1.901388168334961e-05,3.5136938095092773e-05,5.826514900681536e-06,7.796287536621094e-05,1.6421079635620117e-05,yes,measured,no
basis_1_to_basis_0,two_level,mean,0.001,0.01,0.20263195037841797,gqis_rk4,fixed-step classical RK4,gqis_dop853,fixed-step Dormand-Prince eighth-order DOP853 main formula,dop853,,False,analytic,,2048,3.0,2.998535871156662,4096,163840,683,27320,0.008069642819464207,5.6859495639801025,5.116246223449707,nan,nan,nan,2.9945995385079667,0.8998050661336486,1.1048715081180272e-10,1.0511286829489657e-05,2.1136476780202692e-05,0.00020253658294677734,2.2083520889282227e-05,3.698468208312988e-05,7.450694639022229e-06,6.771087646484375e-05,2.1949410438537598e-05,yes,measured,no
basis_1_to_basis_0,two_level,mean,0.001,0.01,0.20263195037841797,gqis_rk4,fixed-step classical RK4,gqis_dop853,fixed-step Dormand-Prince eighth-order DOP853 main formula,dop853,,False,analytic,,2048,4.0,4.0,4096,163840,512,20480,0.010764777660369873,5.6859495639801025,3.809154510498047,nan,nan,nan,4.022180916371488,0.6699240764688881,1.2638062382516833e-10,1.1241913708313559e-05,2.260564780652537e-05,0.00020518898963928223,2.3126602172851562e-05,3.820657730102539e-05,8.05108100647385e-06,6.771087646484375e-05,2.0742416381835938e-05,yes,measured,no
basis_1_to_basis_0,two_level,mean,0.001,0.01,0.20263195037841797,gqis_rk4,fixed-step classical RK4,gqis_dop853,fixed-step Dormand-Prince eighth-order DOP853 main formula,dop853,,False,analytic,,2048,6.0,6.005865102639296,4096,163840,341,13640,0.016162950545549393,5.6859495639801025,2.5443389415740967,nan,nan,nan,6.021646066603441,0.44747828184974037,1.9631381031606543e-10,1.4011203028864632e-05,2.817423520890462e-05,0.00020813941955566406,2.899765968322754e-05,4.3958425521850586e-05,1.111434510806578e-05,7.489323616027832e-05,2.771615982055664e-05,yes,measured,no
basis_1_to_basis_0,two_level,mean,0.001,0.01,0.20263195037841797,gqis_rk4,fixed-step classical RK4,gqis_dop853,fixed-step Dormand-Prince eighth-order DOP853 main formula,dop853,,False,analytic,,2048,8.0,8.0,4096,163840,256,10240,0.021529555320739746,5.6859495639801025,1.9443814754486084,nan,nan,nan,7.879682445596602,0.34196249079767826,3.177656330147656e-10,1.7825981964951206e-05,3.584513104803139e-05,0.00021404027938842773,3.4332275390625e-05,4.9173831939697266e-05,1.5326209516120607e-05,8.106231689453125e-05,3.2573938369750977e-05,yes,measured,no
basis_1_to_basis_0,two_level,mean,0.001,0.01,0.20263195037841797,gqis_rk4,fixed-step classical RK4,gqis_dop853,fixed-step Dormand-Prince eighth-order DOP853 main formula,dop853,,False,analytic,,2048,10.0,9.990243902439024,4096,163840,205,8200,0.026885688304901123,5.6859495639801025,1.559523105621338,nan,nan,nan,9.824226729575422,0.27427663366920346,4.2448816542703865e-10,2.060311057648914e-05,4.142948198104251e-05,0.00022104382514953613,3.993511199951172e-05,5.5283308029174805e-05,1.8303848881812974e-05,8.547306060791016e-05,3.9190053939819336e-05,yes,measured,no
basis_1_to_basis_0,two_level,mean,0.001,0.01,0.20263195037841797,gqis_rk4,fixed-step classical RK4,gqis_dop853,fixed-step Dormand-Prince eighth-order DOP853 main formula,dop853,,False,analytic,,2048,12.0,11.976608187134502,4096,163840,171,6840,0.03223137930035591,5.6859495639801025,1.3013219833374023,nan,nan,nan,11.773495549766038,0.22886625508976396,6.851212199667511e-10,2.6174820342587856e-05,5.263327805354412e-05,0.00022733211517333984,4.7206878662109375e-05,6.115436553955078e-05,2.4041386308303552e-05,9.262561798095703e-05,4.526972770690918e-05,yes,measured,no
basis_1_to_basis_0,two_level,mean,0.001,0.01,0.20263195037841797,gqis_rk4,fixed-step classical RK4,gqis_dop853,fixed-step Dormand-Prince eighth-order DOP853 main formula,dop853,,False,analytic,,2048,14.0,14.027397260273972,4096,163840,146,5840,0.037750452756881714,5.6859495639801025,1.1170337200164795,nan,nan,nan,13.71588726919505,0.19645508765902034,7.199534305655737e-10,2.6831947945789804e-05,5.395465407077364e-05,0.0002339184284210205,4.985928535461426e-05,6.663799285888672e-05,2.4755185851150546e-05,9.876489639282227e-05,4.8667192459106445e-05,yes,measured,no
basis_1_to_basis_0,two_level,mean,0.001,0.01,0.20263195037841797,gqis_rk4,fixed-step classical RK4,gqis_dop853,fixed-step Dormand-Prince eighth-order DOP853 main formula,dop853,,False,analytic,,2048,16.0,16.0,4096,163840,128,5120,0.04305911064147949,5.6859495639801025,0.9786505699157715,nan,nan,nan,15.65534119185589,0.1721173497766179,1.1006041277147916e-09,3.3175354221391395e-05,6.671020547248102e-05,0.000239640474319458,5.796551704406738e-05,7.304549217224121e-05,3.1296240049511796e-05,0.00010353326797485352,5.689263343811035e-05,yes,measured,no
basis_1_to_basis_0,two_level,mean,0.001,0.01,0.20263195037841797,gqis_rk4,fixed-step classical RK4,gqis_dop853,fixed-step Dormand-Prince eighth-order DOP853 main formula,dop853,,False,analytic,,2048,20.0,20.07843137254902,4096,163840,102,4080,0.05403495952486992,5.6859495639801025,0.7838983535766602,nan,nan,nan,19.544764330388805,0.13786586475240203,1.4402801605367395e-09,3.7951023181684304e-05,7.631329382185172e-05,0.0002517998218536377,6.848573684692383e-05,8.526444435119629e-05,3.617247299169875e-05,0.00011712312698364258,6.890296936035156e-05,yes,measured,no
basis_1_to_basis_0,two_level,mean,0.001,0.01,0.20263195037841797,gqis_rk4,fixed-step classical RK4,gqis_dop853,fixed-step Dormand-Prince eighth-order DOP853 main formula,dop853,,False,analytic,,2048,24.0,24.094117647058823,4096,163840,85,3400,0.06484195590019226,5.6859495639801025,0.649954080581665,nan,nan,nan,23.572601568905085,0.1143088015938545,2.201042089487378e-09,4.691526499432118e-05,9.433891637392137e-05,0.00026363134384155273,8.112192153930664e-05,9.799003601074219e-05,4.528706725650705e-05,0.00012862682342529297,8.276104927062988e-05,yes,measured,no
basis_1_to_basis_0,two_level,mean,0.001,0.01,0.20263195037841797,gqis_rk4,fixed-step classical RK4,gqis_dop853,fixed-step Dormand-Prince eighth-order DOP853 main formula,dop853,,False,analytic,,2048,32.0,32.0,4096,163840,64,2560,0.08611822128295898,5.6859495639801025,0.49905967712402344,nan,nan,nan,30.69995289526889,0.08777068306857916,4.802503731312387e-09,6.930009907144712e-05,0.00013935115258961164,0.0002885758876800537,0.00011536478996276855,0.0001531541347503662,6.780618456037928e-05,0.00025653839111328125,0.00014884769916534424,yes,measured,no
basis_1_to_basis_0,two_level,mean,0.001,0.01,0.20263195037841797,gqis_rk4,fixed-step classical RK4,gqis_dop853,fixed-step Dormand-Prince eighth-order DOP853 main formula,dop853,,False,analytic,,2048,48.0,47.627906976744185,4096,163840,43,1720,0.12817595899105072,5.6859495639801025,0.33591651916503906,nan,nan,nan,45.609869433388035,0.05907835013047516,2.1886835907612143e-07,0.0004678336874105171,0.0009407369460423236,0.005732297897338867,0.0007027983665466309,0.002340345680713646,0.0004671530853284159,0.005726158618927002,0.002338230609893799,yes,measured,yes
basis_1_to_basis_0,two_level,mean,0.001,0.01,0.20263195037841797,gqis_rk4,fixed-step classical RK4,gqis_dop853,fixed-step Dormand-Prince eighth-order DOP853 main formula,dop853,,False,analytic,,2048,64.0,64.0,4096,163840,32,1280,0.17223644256591797,5.6859495639801025,0.26192140579223633,nan,nan,nan,58.49506088780223,0.046064672724408444,2.3555241282845528e-05,0.0048533742162381755,0.009759340896240507,0.05602121353149414,0.007621407508850098,0.02520289570093151,0.004852843147320162,0.056015074253082275,0.02519914150238034,no,measured,no
basis_1_to_basis_0,two_level,mean,0.001,0.01,0.20263195037841797,gqis_rk4,fixed-step classical RK4,julia_gpu_fp32_fopt,"fixed-step GPUTsit5, FP32 integer-step time",,,,analytic,fp32_integer_step,2048,1.0,1.0,4096,163840,2048,81920,0.0026911944150924683,5.6859495639801025,12.391000032424927,47.17662072181702,12.391000032424927,34.78562068939209,1.0,2.1792314358397795,7.385330543252741e-11,8.59379458868592e-06,1.7280713838765124e-05,0.00019675493240356445,1.8298625946044922e-05,3.49581241607666e-05,0.0,0.0,0.0,yes,measured,no
basis_1_to_basis_0,two_level,mean,0.001,0.01,0.20263195037841797,gqis_rk4,fixed-step classical RK4,julia_gpu_fp32_fopt,"fixed-step GPUTsit5, FP32 integer-step time",,,,analytic,fp32_integer_step,2048,2.0,2.0,4096,163840,1024,40960,0.0053823888301849365,5.6859495639801025,8.472000122070312,31.035325527191162,8.472000122070312,22.56332540512085,1.46258260787146,1.4899886161037288,6.776488140911397e-11,8.231942748167893e-06,1.6553089034204992e-05,0.00019827485084533691,1.749396324157715e-05,3.364682197570801e-05,3.701193179755401e-06,5.1915645599365234e-05,1.2636184692382812e-05,yes,measured,no
basis_1_to_basis_0,two_level,mean,0.001,0.01,0.20263195037841797,gqis_rk4,fixed-step classical RK4,julia_gpu_fp32_fopt,"fixed-step GPUTsit5, FP32 integer-step time",,,,analytic,fp32_integer_step,2048,3.0,2.998535871156662,4096,163840,683,27320,0.008069642819464207,5.6859495639801025,7.253999948501587,31.16420555114746,7.253999948501587,23.910205602645874,1.708161031209334,1.2757763442811594,6.658134860196737e-11,8.159739493511259e-06,1.640790011107301e-05,0.0001996755599975586,1.7374753952026367e-05,3.349781036376953e-05,3.0373641810964007e-06,4.622340202331543e-05,1.0788440704345703e-05,yes,measured,no
basis_1_to_basis_0,two_level,mean,0.001,0.01,0.20263195037841797,gqis_rk4,fixed-step classical RK4,julia_gpu_fp32_fopt,"fixed-step GPUTsit5, FP32 integer-step time",,,,analytic,fp32_integer_step,2048,4.0,4.0,4096,163840,512,20480,0.010764777660369873,5.6859495639801025,6.599999904632568,30.7041015625,6.599999904632568,24.10410165786743,1.8774242744651604,1.1607559705493835,6.640869606601191e-11,8.149153088880581e-06,1.6386612584693805e-05,0.00019437074661254883,1.7344951629638672e-05,3.3527612686157227e-05,3.140162377794468e-06,4.4405460357666016e-05,1.093745231628418e-05,yes,measured,no
basis_1_to_basis_0,two_level,mean,0.001,0.01,0.20263195037841797,gqis_rk4,fixed-step classical RK4,julia_gpu_fp32_fopt,"fixed-step GPUTsit5, FP32 integer-step time",,,,analytic,fp32_integer_step,2048,6.0,6.005865102639296,4096,163840,341,13640,0.016162950545549393,5.6859495639801025,5.884999990463257,29.998361587524414,5.884999990463257,24.113361597061157,2.1055225237901025,1.0350074203514077,6.610294532076885e-11,8.130371782444444e-06,1.6348846452551392e-05,0.00019353628158569336,1.7344951629638672e-05,3.343820571899414e-05,3.129605444146787e-06,4.482269287109375e-05,1.0788440704345703e-05,yes,measured,no
basis_1_to_basis_0,two_level,mean,0.001,0.01,0.20263195037841797,gqis_rk4,fixed-step classical RK4,julia_gpu_fp32_fopt,"fixed-step GPUTsit5, FP32 integer-step time",,,,analytic,fp32_integer_step,2048,8.0,8.0,4096,163840,256,10240,0.021529555320739746,5.6859495639801025,5.420000076293945,28.95517611503601,5.420000076293945,23.535176038742065,2.2861623354251996,0.9532268999762292,6.813403040466773e-11,8.25433403762337e-06,1.6598114251129597e-05,0.0001958906650543213,1.7762184143066406e-05,3.349781036376953e-05,3.4795438461407387e-06,4.488229751586914e-05,1.2964010238647461e-05,yes,measured,no
basis_1_to_basis_0,two_level,mean,0.001,0.01,0.20263195037841797,gqis_rk4,fixed-step classical RK4,julia_gpu_fp32_fopt,"fixed-step GPUTsit5, FP32 integer-step time",,,,analytic,fp32_integer_step,2048,10.0,9.990243902439024,4096,163840,205,8200,0.026885688304901123,5.6859495639801025,5.244999885559082,28.412663459777832,5.244999885559082,23.16766357421875,2.362440477175364,0.9224492455553263,9.567062014870186e-11,9.781135933453836e-06,1.9668262877333236e-05,0.0001939535140991211,2.1159648895263672e-05,3.933906555175781e-05,6.232504748740788e-06,9.402632713317871e-05,2.6404857635498047e-05,yes,measured,no
basis_1_to_basis_0,two_level,mean,0.001,0.01,0.20263195037841797,gqis_rk4,fixed-step classical RK4,julia_gpu_fp32_fopt,"fixed-step GPUTsit5, FP32 integer-step time",,,,analytic,fp32_integer_step,2048,12.0,11.976608187134502,4096,163840,171,6840,0.03223137930035591,5.6859495639801025,5.269000053405762,28.47956657409668,5.269000053405762,23.210566520690918,2.3516796179221267,0.9266702059378661,3.716663512908541e-10,1.9278650141824092e-05,3.8766208903472606e-05,0.00026166439056396484,3.4183263778686523e-05,9.262561798095703e-05,1.762479156386406e-05,0.0002601444721221924,9.167194366455078e-05,yes,measured,no
basis_1_to_basis_0,two_level,mean,0.001,0.01,0.20263195037841797,gqis_rk4,fixed-step classical RK4,julia_gpu_fp32_fopt,"fixed-step GPUTsit5, FP32 integer-step time",,,,analytic,fp32_integer_step,2048,14.0,14.027397260273972,4096,163840,146,5840,0.037750452756881714,5.6859495639801025,5.101999998092651,29.47148299217224,5.101999998092651,24.36948299407959,2.4286554365067072,0.8972995522882034,3.124269818859456e-09,5.589516811728413e-05,0.00011239603125679926,0.0006879270076751709,8.89897346496582e-05,0.0002885162830352783,5.519201366811789e-05,0.0006876289844512939,0.0002872943878173828,yes,measured,no
basis_1_to_basis_0,two_level,mean,0.001,0.01,0.20263195037841797,gqis_rk4,fixed-step classical RK4,julia_gpu_fp32_fopt,"fixed-step GPUTsit5, FP32 integer-step time",,,,analytic,fp32_integer_step,2048,16.0,16.0,4096,163840,128,5120,0.04305911064147949,5.6859495639801025,4.75,27.987035989761353,4.75,23.237035989761353,2.6086315857736686,0.8353925666331539,2.1381320642522775e-08,0.00014622352971571564,0.0002940315767889248,0.0015938282012939453,0.00023755431175231934,0.0007669031620025635,0.00014580126088581489,0.0015952587127685547,0.0007660678029060286,yes,measured,no
basis_1_to_basis_0,two_level,mean,0.001,0.01,0.20263195037841797,gqis_rk4,fixed-step classical RK4,julia_gpu_fp32_fopt,"fixed-step GPUTsit5, FP32 integer-step time",,,,analytic,fp32_integer_step,2048,20.0,20.07843137254902,4096,163840,102,4080,0.05403495952486992,5.6859495639801025,4.58299994468689,26.513822555541992,4.58299994468689,21.930822610855103,2.703687580618437,0.8060219129834911,5.946330701605149e-07,0.0007711245490583962,0.001550605210400143,0.0088481605052948,0.0012667730450630077,0.004035740196704857,0.0007708295999096652,0.008839398622512817,0.004034458696842186,yes,measured,yes
basis_1_to_basis_0,two_level,mean,0.001,0.01,0.20263195037841797,gqis_rk4,fixed-step classical RK4,julia_gpu_fp32_fopt,"fixed-step GPUTsit5, FP32 integer-step time",,,,analytic,fp32_integer_step,2048,24.0,24.094117647058823,4096,163840,85,3400,0.06484195590019226,5.6859495639801025,4.648999929428101,26.62064552307129,4.648999929428101,21.97164559364319,2.6653044139644058,0.8176294701731142,8.687234835187766e-06,0.002947411548322997,0.005926762038121927,0.03582555055618286,0.004746849834918965,0.015255772769451087,0.0029471346497635417,0.035821378231048584,0.015254848897457068,no,measured,no
basis_1_to_basis_0,two_level,mean,0.001,0.01,0.20263195037841797,gqis_rk4,fixed-step classical RK4,julia_gpu_fp32_fopt,"fixed-step GPUTsit5, FP32 integer-step time",,,,analytic,fp32_integer_step,2048,32.0,32.0,4096,163840,64,2560,0.08611822128295898,5.6859495639801025,4.5299999713897705,26.756489515304565,4.5299999713897705,22.226489543914795,2.735320112733568,0.7967006953573503,0.003363180193035858,0.057992932267957084,0.11661429149270543,2.559568166732788,0.04129549860954285,0.2060804153978812,0.057992740144705256,2.5595571100711823,0.20607745125889665,no,measured,no
basis_1_to_basis_0,two_level,mean,0.001,0.01,0.20263195037841797,gqis_rk4,fixed-step classical RK4,julia_gpu_fp32_fopt,"fixed-step GPUTsit5, FP32 integer-step time",,,,analytic,fp32_integer_step,2048,48.0,47.627906976744185,4096,163840,43,1720,0.12817595899105072,5.6859495639801025,4.433000087738037,26.373564958572388,4.433000087738037,21.94056487083435,2.7951725213584426,0.7796411202485211,5.829646348556543e+52,2.414466058688037e+26,4.855095918691144e+26,1.0592464471522302e+29,69465301.17509788,2.7218581072258755e+18,2.414466058688037e+26,1.0592464471522302e+29,2.7218581072258755e+18,no,measured,no
basis_1_to_basis_0,two_level,mean,0.001,0.01,0.20263195037841797,gqis_rk4,fixed-step classical RK4,julia_gpu_fp32_fopt,"fixed-step GPUTsit5, FP32 integer-step time",,,,analytic,fp32_integer_step,2048,64.0,64.0,4096,163840,32,1280,0.17223644256591797,5.6859495639801025,4.359999895095825,26.42217993736267,4.359999895095825,22.062180042266846,2.841972552880668,0.7668024216598701,nan,nan,nan,nan,nan,nan,nan,nan,nan,no,non-finite,no
basis_1_to_basis_0,two_level,mean,0.001,0.01,0.20263195037841797,gqis_rk4,fixed-step classical RK4,julia_gpu_fp32,"fixed-step GPUTsit5, FP32 state and time",,,,analytic,fp32,2048,1.0,1.0,4096,163840,2048,81920,0.0026911944150924683,5.6859495639801025,12.475000143051147,37.19408130645752,12.475000143051147,24.719081163406372,1.0,2.1940047133163074,2.891355076986962e-06,0.0017003985053471913,0.0034192229846235914,0.02589118480682373,0.00315728336572646,0.00759848952293396,0.0,0.0,0.0,no,measured,no
basis_1_to_basis_0,two_level,mean,0.001,0.01,0.20263195037841797,gqis_rk4,fixed-step classical RK4,julia_gpu_fp32,"fixed-step GPUTsit5, FP32 state and time",,,,analytic,fp32,2048,2.0,2.0,4096,163840,1024,40960,0.0053823888301849365,5.6859495639801025,8.414000034332275,31.633789539337158,8.414000034332275,23.219789505004883,1.4826479786247289,1.4797880177541651,5.573615328977053e-08,0.0002360850552020829,0.00047472839133569437,0.006380617618560791,0.0002571918070316259,0.0008954852819442749,0.0016979665287292325,0.025468409061431885,0.0073847246915101986,yes,measured,no
basis_1_to_basis_0,two_level,mean,0.001,0.01,0.20263195037841797,gqis_rk4,fixed-step classical RK4,julia_gpu_fp32,"fixed-step GPUTsit5, FP32 state and time",,,,analytic,fp32,2048,3.0,2.998535871156662,4096,163840,683,27320,0.008069642819464207,5.6859495639801025,7.1579999923706055,30.47314476966858,7.1579999923706055,23.315144777297974,1.7428052747063,1.2588926285445423,2.2357308135357393e-07,0.00047283515240892777,0.0009507940732543148,0.005220398306846619,0.0008875556290149633,0.002318829298019409,0.0021362575875546234,0.02938246726989746,0.009691323786973918,yes,measured,no
basis_1_to_basis_0,two_level,mean,0.001,0.01,0.20263195037841797,gqis_rk4,fixed-step classical RK4,julia_gpu_fp32,"fixed-step GPUTsit5, FP32 state and time",,,,analytic,fp32,2048,4.0,4.0,4096,163840,512,20480,0.010764777660369873,5.6859495639801025,6.645999908447266,29.850962162017822,6.645999908447266,23.204962253570557,1.8770689610144362,1.1688460887076773,3.3686176928900714e-07,0.000580397940458964,0.001167085228553693,0.00660330057144165,0.0011397898197174072,0.002637847810983654,0.0011428287385201609,0.019611716270446777,0.005113869011402122,yes,measured,no
basis_1_to_basis_0,two_level,mean,0.001,0.01,0.20263195037841797,gqis_rk4,fixed-step classical RK4,julia_gpu_fp32,"fixed-step GPUTsit5, FP32 state and time",,,,analytic,fp32,2048,6.0,6.005865102639296,4096,163840,341,13640,0.016162950545549393,5.6859495639801025,5.860000133514404,28.86726665496826,5.860000133514404,23.007266521453857,2.1288395663516044,1.0306106425278363,6.5500427599408055e-09,8.093233445255862e-05,0.00016274167337198975,0.002030104398727417,8.584558963775635e-05,0.0002554357051849365,0.0017067937478285472,0.02551823854446411,0.007698774337768555,yes,measured,no
basis_1_to_basis_0,two_level,mean,0.001,0.01,0.20263195037841797,gqis_rk4,fixed-step classical RK4,julia_gpu_fp32,"fixed-step GPUTsit5, FP32 state and time",,,,analytic,fp32,2048,8.0,8.0,4096,163840,256,10240,0.021529555320739746,5.6859495639801025,5.521000146865845,28.72034215927124,5.521000146865845,23.199342012405396,2.2595543943488106,0.9709899964362689,7.679543280841461e-09,8.763300337681838e-05,0.0001762156214648246,0.0011239349842071533,0.00014388561248779297,0.00040784478187561035,0.0017804080291634965,0.026845693588256836,0.00795695140957832,yes,measured,no
basis_1_to_basis_0,two_level,mean,0.001,0.01,0.20263195037841797,gqis_rk4,fixed-step classical RK4,julia_gpu_fp32,"fixed-step GPUTsit5, FP32 state and time",,,,analytic,fp32,2048,10.0,9.990243902439024,4096,163840,205,8200,0.026885688304901123,5.6859495639801025,5.78600001335144,29.849535942077637,5.78600001335144,24.063535928726196,2.156066386841437,1.0175960845669731,1.2382503213044925e-09,3.518878118526546e-05,7.075887743442998e-05,0.00040030479431152344,6.063599139451842e-05,0.0001739412546157837,0.0017313725885340088,0.026225566864013672,0.00775328189134597,yes,measured,no
basis_1_to_basis_0,two_level,mean,0.001,0.01,0.20263195037841797,gqis_rk4,fixed-step classical RK4,julia_gpu_fp32,"fixed-step GPUTsit5, FP32 state and time",,,,analytic,fp32,2048,12.0,11.976608187134502,4096,163840,171,6840,0.03223137930035591,5.6859495639801025,5.391999959945679,28.86255645751953,5.391999959945679,23.470556497573853,2.3136128033607823,0.9483024601736597,7.178075510747749e-09,8.472352395142537e-05,0.00017036513471521296,0.0012378692626953125,0.00015750527381896973,0.0003344118595123291,0.0016284900984815077,0.024861901998519897,0.007312385439872726,yes,measured,no
basis_1_to_basis_0,two_level,mean,0.001,0.01,0.20263195037841797,gqis_rk4,fixed-step classical RK4,julia_gpu_fp32,"fixed-step GPUTsit5, FP32 state and time",,,,analytic,fp32,2048,14.0,14.027397260273972,4096,163840,146,5840,0.037750452756881714,5.6859495639801025,5.505000114440918,30.073891162872314,5.505000114440918,24.568891048431396,2.266121686414914,0.9681760368249693,6.199563204727672e-09,7.873730503851191e-05,0.000158327828616874,0.0009253323078155518,0.00012558698654174805,0.00030797719955444336,0.0016534778126914762,0.02515074610710144,0.00741092771291732,yes,measured,no
basis_1_to_basis_0,two_level,mean,0.001,0.01,0.20263195037841797,gqis_rk4,fixed-step classical RK4,julia_gpu_fp32,"fixed-step GPUTsit5, FP32 state and time",,,,analytic,fp32,2048,16.0,16.0,4096,163840,128,5120,0.04305911064147949,5.6859495639801025,5.36899995803833,29.822508811950684,5.36899995803833,24.453508853912354,2.323523978496944,0.9442574010945128,2.013134403927804e-08,0.0001418849676296895,0.0002853074387953266,0.0016222894191741943,0.00023543834686279297,0.0007195174694061279,0.0017419020916435667,0.02572077512741089,0.007848111987113937,yes,measured,yes
basis_1_to_basis_0,two_level,mean,0.001,0.01,0.20263195037841797,gqis_rk4,fixed-step classical RK4,julia_gpu_fp32,"fixed-step GPUTsit5, FP32 state and time",,,,analytic,fp32,2048,20.0,20.07843137254902,4096,163840,102,4080,0.05403495952486992,5.6859495639801025,5.41700005531311,30.256479024887085,5.41700005531311,24.839478969573975,2.3029352068799405,0.9526992799284117,6.206843219809657e-07,0.0007878352124530648,0.0015842076184166643,0.00870850682258606,0.0013458728790283203,0.004052340984344482,0.0017029132704999355,0.02229905128479004,0.00799408286809919,yes,measured,no
basis_1_to_basis_0,two_level,mean,0.001,0.01,0.20263195037841797,gqis_rk4,fixed-step classical RK4,julia_gpu_fp32,"fixed-step GPUTsit5, FP32 state and time",,,,analytic,fp32,2048,24.0,24.094117647058823,4096,163840,85,3400,0.06484195590019226,5.6859495639801025,5.0959999561309814,28.911537885665894,5.0959999561309814,23.815537929534912,2.4479984792861926,0.8962443121925684,8.604457496056397e-06,0.0029333355580390724,0.005898457526350843,0.03561714291572571,0.004701639711856831,0.015192149728536594,0.0033814740848664053,0.0384691059589386,0.016471531391143768,no,measured,no
basis_1_to_basis_0,two_level,mean,0.001,0.01,0.20263195037841797,gqis_rk4,fixed-step classical RK4,julia_gpu_fp32,"fixed-step GPUTsit5, FP32 state and time",,,,analytic,fp32,2048,32.0,32.0,4096,163840,64,2560,0.08611822128295898,5.6859495639801025,5.059000015258789,29.377071380615234,5.059000015258789,24.318071365356445,2.465902373082519,0.8897370541777272,0.003362049288342355,0.05798318108160637,0.11659468345353528,2.557772159576416,0.041257290542125624,0.20613684326410273,0.05825463991151822,2.5624509155750275,0.2076096938177938,no,measured,no
basis_1_to_basis_0,two_level,mean,0.001,0.01,0.20263195037841797,gqis_rk4,fixed-step classical RK4,julia_gpu_fp32,"fixed-step GPUTsit5, FP32 state and time",,,,analytic,fp32,2048,48.0,47.627906976744185,4096,163840,43,1720,0.12817595899105072,5.6859495639801025,5.016999959945679,29.002154111862183,5.016999959945679,23.985154151916504,2.486545792833975,0.8823504154394634,5.872083406995585e+52,2.4232382068206964e+26,4.8727352723046586e+26,1.0572243298242654e+29,69818223.6098958,2.854423406688011e+18,2.4232382068206964e+26,1.0572243298242654e+29,2.854423406688011e+18,no,measured,no
basis_1_to_basis_0,two_level,mean,0.001,0.01,0.20263195037841797,gqis_rk4,fixed-step classical RK4,julia_gpu_fp32,"fixed-step GPUTsit5, FP32 state and time",,,,analytic,fp32,2048,64.0,64.0,4096,163840,32,1280,0.17223644256591797,5.6859495639801025,4.986000061035156,29.157520055770874,4.986000061035156,24.171519994735718,2.5020056137867717,0.8768983975202571,nan,nan,nan,nan,nan,nan,nan,nan,nan,no,non-finite,no
basis_1_to_basis_0,two_level,mean,0.001,0.01,0.20263195037841797,gqis_rk4,fixed-step classical RK4,qutip_cpu,adaptive Adams,,,,analytic,,2048,64.0,64.0,4096,163840,32,1280,0.17223644256591797,5.6859495639801025,43747.29854499991,nan,nan,nan,nan,7693.93010837354,1.4473334538653653e-08,0.00012030517253490663,0.00024191400416249433,0.0003865580782738687,0.0001968834769813854,0.00021699317919149748,nan,nan,nan,yes,measured,yes
